Species,abbrev,lm_id,name,Exceptions,martini3,concentration,class
CL 68:2,CL 68:2,LMGP12010081,"CL(1'-[16:0/18:1(9Z)],3'-[16:0/18:1(9Z)])",False,NA,0.0,CL
CL 68:2,CL 68:2,LMGP12010081,"CL(1'-[16:0/18:1(9Z)],3'-[16:0/18:1(9Z)])",False,NA,0.0,CL
CL 68:2,CL 68:2,LMGP12010006,"CL(1'-[16:0/18:1(11Z)],3'-[16:0/18:1(11Z)])",False,NA,0.0,CL
Cer 32:1;2,Cer 32:1;O2,LMSP02010001,Cer(d18:1/14:0),True,NA,0.0176653725206329,Cer
Cer 34:0;2,Cer 34:0;O2,LMSP02020001,Cer(d18:0/16:0),True,NA,0.0017672783428846,Cer
Cer 34:1;2,Cer 34:1;O2,LMSP02010004,Cer(d18:1/16:0),True,NA,0.158168168483941,Cer
Cer 34:1;2,Cer 34:1;O2,LMSP02010004,Cer(d18:1/16:0),True,NA,0.158168168483941,Cer
Cer 34:2;2,Cer 34:2;O2,LMSP02010062,"Cer(d16:2(4E,6E)/18:0)",True,NA,0.0287423986260666,Cer
Cer 36:1;2,Cer 36:1;O2,LMSP02010038,Cer(d14:1/22:0),True,NA,0.0104178294802823,Cer
Cer 36:1;2,Cer 36:1;O2,LMSP02010006,Cer(d18:1/18:0),True,NA,0.0104178294802823,Cer
Cer 36:2;2,Cer 36:2;O2,LMSP02010003,Cer(d18:1/18:1(9Z)),True,NA,0.0,Cer
Cer 36:3;2,Cer 36:3;O2,LMSP02010057,"Cer(d14:2(4E,6E)/22:1(13Z))",True,NA,0.0011629986367646,Cer
Cer 40:1;2,Cer 40:1;O2,LMSP02010008,Cer(d18:1/22:0),True,NA,0.0169060500738853,Cer
Cer 40:1;2,Cer 40:1;O2,LMSP02010008,Cer(d18:1/22:0),True,NA,0.0169060500738853,Cer
Cer 42:1;2,Cer 42:1;O2,LMSP02010012,Cer(d18:1/24:0),True,NA,0.0675962090464608,Cer
Cer 42:1;2,Cer 42:1;O2,LMSP02010012,Cer(d18:1/24:0),True,NA,0.0675962090464608,Cer
Cer 42:2;2,Cer 42:2;O2,LMSP02010009,Cer(d18:1/24:1(15Z)),True,NA,0.134158391912655,Cer
Cer 42:2;2,Cer 42:2;O2,LMSP02010009,Cer(d18:1/24:1(15Z)),True,NA,0.134158391912655,Cer
Cer 44:1;2,Cer 44:1;O2,LMSP02010011,Cer(d18:1/26:0),True,NA,0.0002661973299442,Cer
HexCer 32:0;2,HexCer 32:0;O2,LMSP0501AA28,GlcCer(d18:0/14:0),True,NA,0.0049187184062004,HexCer
HexCer 34:0;2,HexCer 34:0;O2,LMSP0501AA04,GlcCer(d18:0/16:0),True,NA,0.0050313783174454,HexCer
HexCer 34:1;2,HexCer 34:1;O2,LMSP0501AC01,GalCer(d18:1/16:0),True,NA,0.0287249679361521,HexCer
HexCer 40:1;2,HexCer 40:1;O2,LMSP0501AA07,GlcCer(d18:1/22:0),True,NA,0.0013672918669552,HexCer
HexCer 42:1;2,HexCer 42:1;O2,LMSP0501AC05,GalCer(d18:1/24:0),True,NA,0.0065212293183819,HexCer
HexCer 42:2;2,HexCer 42:2;O2,LMSP0501AA08,GlcCer(d18:1/24:1(15Z)),True,NA,0.0023017543077479,HexCer
LPA 16:0,LPA 16:0,LMGP10050042,PA(0:0/16:0),False,NA,0.0286345922548958,LPA
LPA 18:0,LPA 18:0,LMGP10050005,PA(18:0/0:0),False,NA,0.0208632625801141,LPA
LPC 14:0,LPC 14:0,LMGP01050012,PC(14:0/0:0),False,NA,0.0387580758456542,LPC
LPC 16:0,LPC 16:0,LMGP01050074,PC(0:0/16:0),False,NA,0.104807416031315,LPC
LPC 16:1,LPC 16:1,LMGP01050022,PC(16:1(9Z)/0:0),False,NA,0.14699321088177,LPC
LPC 18:1,LPC 18:1,LMGP01050114,PC(18:1(9Z)/0:0)[rac],False,NA,0.177990389363272,LPC
LPC 18:2,LPC 18:2,LMGP01050034,"PC(18:2(2E,4E)/0:0)",False,NA,0.0119588324525795,LPC
LPCO- 16:0,LPC O-16:0,LMGP01060010,PC(O-16:0/0:0),True,NA,2.76407582684988e-05,LPCO-
LPCO- 16:1,LPC O-16:1,LMGP01070006,PC(P-16:0/0:0),True,NA,0.0008954302334203,LPCO-
LPCO- 18:1,LPC O-18:1,LMGP01060039,PC(O-18:1(9Z)/0:0),True,NA,0.0002483329333489,LPCO-
LPCO- 18:2,LPC O-18:2,LMGP01070012,PC(P-18:1(9Z)/0:0),True,NA,0.002576675729705,LPCO-
LPE 16:0,LPE 16:0,LMGP02050002,PE(16:0/0:0),False,NA,0.0152066224717274,LPE
LPE 16:1,LPE 16:1,LMGP02050037,PE(0:0/16:1(9Z)),False,NA,0.0656336079376319,LPE
LPE 18:0,LPE 18:0,LMGP02050001,PE(18:0/0:0),False,NA,0.0047546159091217,LPE
LPE 18:1,LPE 18:1,LMGP02050064,PE(18:1(11Z)/0:0),False,NA,0.103655870169535,LPE
LPE 18:2,LPE 18:2,LMGP02050041,"PE(0:0/18:2(9Z,12Z))",False,NA,0.0043326104339049,LPE
LPE 20:1,LPE 20:1,LMGP02050046,PE(0:0/20:1(11Z)),False,NA,0.0064011230267649,LPE
LPE 20:3,LPE 20:3,LMGP02050048,"PE(0:0/20:3(11Z,14Z,17Z))",False,NA,0.010761832321402,LPE
LPE 20:4,LPE 20:4,LMGP02050009,"PE(20:4(5Z,8Z,11Z,14Z)/0:0)",False,NA,0.0548229338981817,LPE
LPE 20:5,LPE 20:5,LMGP02050053,"PE(0:0/20:5(5Z,8Z,11Z,14Z,17Z))",False,NA,0.0256244825561377,LPE
LPE 22:2,LPE 22:2,LMGP02050056,"PE(0:0/22:2(13Z,16Z))",False,NA,2.31005265572881e-05,LPE
LPE 22:4,LPE 22:4,LMGP02050014,"PE(22:4(7Z,10Z,13Z,16Z)/0:0)",False,NA,0.0015729888325189,LPE
LPE 22:5,LPE 22:5,LMGP02050069,"PE(22:5(4Z,7Z,10Z,13Z,16Z)/0:0)",False,NA,0.0280412957553314,LPE
LPE 22:6,LPE 22:6,LMGP02050060,"PE(0:0/22:6(4Z,7Z,10Z,13Z,16Z,19Z))",False,NA,0.0407114886115228,LPE
LPG 16:0,LPG 16:0,LMGP04050008,PG(16:0/0:0),False,NA,6.45962840770124e-05,LPG
LPI 16:0,LPI 16:0,LMGP06050002,PI(16:0/0:0),False,NA,0.0300380338033109,LPI
LPI 16:1,LPI 16:1,LMGP06050009,PI(16:1(9Z)/0:0),False,NA,0.0315136597663275,LPI
LPI 18:0,LPI 18:0,LMGP06050004,PI(18:0/0:0),False,NA,0.174705560103602,LPI
LPI 18:1,LPI 18:1,LMGP06050005,PI(18:1(9Z)/0:0),False,NA,0.151550395925253,LPI
LPI 20:4,LPI 20:4,LMGP06050006,"PI(20:4(5Z,8Z,11Z,14Z)/0:0)",False,NA,0.0024703985621654,LPI
LPS 18:0,LPS 18:0,LMGP03050006,PS(18:0/0:0),False,NA,0.0035477033527572,LPS
GM3 34:1;2,NeuAcHex2Cer 34:1;O2,LMSP0601AJ01,GM3(d18:1/16:0),True,NA,0.0918088782413783,GM
PA 32:2,PA 32:2,LMGP10010969,PA(16:1(9Z)/16:1(9Z)),False,DOPA,0.0283727439444567,PA
PA 32:2,PA 32:2,LMGP10010969,PA(16:1(9Z)/16:1(9Z)),False,NA,0.0283727439444567,PA
PA 34:1,PA 34:1,LMGP10010887,PA(18:0/16:1(9Z)),False,POPA,0.0526526227726728,PA
PA 34:1,PA 34:1,LMGP10010032,PA(16:0/18:1(9Z)),False,POPA,0.0526526227726728,PA
PA 34:1,PA 34:1,LMGP10010032,PA(16:0/18:1(9Z)),False,NA,0.0526526227726728,PA
PA 34:2,PA 34:2,LMGP10010023,"PA(16:0/18:2(9Z,12Z))",False,PIPA,0.0884011259235145,PA
PA 34:2,PA 34:2,LMGP10010881,PA(18:1(9Z)/16:1(9Z)),False,DOPA,0.0884011259235145,PA
PA 34:2,PA 34:2,LMGP10010903,PA(16:1(9Z)/18:1(9Z)),False,NA,0.0884011259235145,PA
PA 34:2,PA 34:2,LMGP10010903,PA(16:1(9Z)/18:1(9Z)),False,DOPA,0.0884011259235145,PA
PA 34:2,PA 34:2,LMGP10010023,"PA(16:0/18:2(9Z,12Z))",False,PIPA,0.0884011259235145,PA
PA 34:2,PA 34:2,LMGP10010023,"PA(16:0/18:2(9Z,12Z))",False,NA,0.0884011259235145,PA
PA 34:3,PA 34:3,LMGP10010975,"PA(16:0/18:3(9Z,12Z,15Z))",False,NA,0.0,PA
PA 36:2,PA 36:2,LMGP10010962,PA(18:1(9Z)/18:1(9Z)),False,NA,0.0496424140599122,PA
PA 36:2,PA 36:2,LMGP10010036,"PA(18:0/18:2(9Z,12Z))",False,NA,0.0496424140599122,PA
PA 36:2,PA 36:2,LMGP10010036,"PA(18:0/18:2(9Z,12Z))",False,PIPA,0.0496424140599122,PA
PA 36:2,PA 36:2,LMGP10010036,"PA(18:0/18:2(9Z,12Z))",False,PIPA,0.0496424140599122,PA
PA 36:2,PA 36:2,LMGP10010962,PA(18:1(9Z)/18:1(9Z)),False,DOPA,0.0496424140599122,PA
PA 36:3,PA 36:3,LMGP10010314,"PA(18:0/18:3(9Z,12Z,15Z))",False,NA,0.0032731075077603,PA
PA 38:3,PA 38:3,LMGP10010539,"PA(20:1(11Z)/18:2(9Z,12Z))",False,NA,0.000824978894278,PA
PA 38:4,PA 38:4,LMGP10010024,"PA(18:0/20:4(5Z,8Z,11Z,14Z))",False,NA,5.16034814978771e-05,PA
PA 38:4,PA 38:4,LMGP10010024,"PA(18:0/20:4(5Z,8Z,11Z,14Z))",False,PAPA,5.16034814978771e-05,PA
PAO- 32:0,PA O-32:0,LMGP10020021,PA(O-18:0/14:0),True,NA,0.0002376421040566,PA O-
PC 28:0,PC 28:0,LMGP01010477,PC(14:0/14:0),False,NA,0.484205120724361,PC
PC 28:0,PC 28:0,LMGP01010435,PC(12:0/16:0),False,LPPC,0.484205120724361,PC
PC 28:0,PC 28:0,LMGP01010477,PC(14:0/14:0),False,DLPC,0.484205120724361,PC
PC 30:0,PC 30:0,LMGP01010481,PC(14:0/16:0),False,LPPC,2.32436415965404,PC
PC 30:0,PC 30:0,LMGP01010438,PC(12:0/18:0),False,LPPC,2.32436415965404,PC
PC 30:1,PC 30:1,LMGP01011522,PC(17:1(9Z)/13:0),False,NA,1.91085484212716,PC
PC 32:0,PC 32:0,LMGP01010564,PC(16:0/16:0),False,DPPC,0.867042705332694,PC
PC 32:0,PC 32:0,LMGP01010564,PC(16:0/16:0),False,NA,0.867042705332694,PC
PC 32:0,PC 32:0,LMGP01010488,PC(14:0/18:0),False,LPPC,0.867042705332694,PC
PC 32:1,PC 32:1,LMGP01010566,PC(16:0/16:1(9Z)),False,NA,14.1028740152082,PC
PC 32:1,PC 32:1,LMGP01010566,PC(16:0/16:1(9Z)),False,POPC,14.1028740152082,PC
PC 32:2,PC 32:2,LMGP01010684,PC(16:1(9Z)/16:1(9Z)),False,DOPC,2.81225425196442,PC
PC 32:2,PC 32:2,LMGP01010684,PC(16:1(9Z)/16:1(9Z)),False,DVPC,2.81225425196442,PC
PC 32:2,PC 32:2,LMGP01010684,PC(16:1(9Z)/16:1(9Z)),False,NA,2.81225425196442,PC
PC 32:3,PC 32:3,LMGP01011673,"PC(18:3(9Z,12Z,15Z)/14:0)",False,NA,0.174769748659488,PC
PC 34:1,PC 34:1,LMGP01010744,PC(18:0/16:1(9Z)),False,POPC,14.7970331593335,PC
PC 34:1,PC 34:1,LMGP01010005,PC(16:0/18:1(9Z)),False,POPC,14.7970331593335,PC
PC 34:1,PC 34:1,LMGP01010005,PC(16:0/18:1(9Z)),False,NA,14.7970331593335,PC
PC 34:2,PC 34:2,LMGP01010688,PC(16:1(9Z)/18:1(9Z)),False,DOPC,12.1784875438214,PC
PC 34:2,PC 34:2,LMGP01012147,PC(18:1(11Z)/16:1(9Z)),False,DVPC,12.1784875438214,PC
PC 34:2,PC 34:2,LMGP01010688,PC(16:1(9Z)/18:1(9Z)),False,NA,12.1784875438214,PC
PC 34:2,PC 34:2,LMGP01010687,PC(16:1(9Z)/18:1(11Z)),False,DVPC,12.1784875438214,PC
PC 34:2,PC 34:2,LMGP01010589,"PC(16:0/18:2(6Z,9Z))",False,NA,12.1784875438214,PC
PC 34:2,PC 34:2,LMGP01010587,"PC(16:0/18:2(2E,4E))",False,PIPC,12.1784875438214,PC
PC 34:2,PC 34:2,LMGP01010587,"PC(16:0/18:2(2E,4E))",False,PIPC,12.1784875438214,PC
PC 34:2,PC 34:2,LMGP01010887,PC(18:1(9Z)/16:1(9Z)),False,DOPC,12.1784875438214,PC
PC 34:2,PC 34:2,LMGP01010594,"PC(16:0/18:2(9Z,12Z))",False,NA,12.1784875438214,PC
PC 34:3,PC 34:3,LMGP01011399,"PC(14:1(9Z)/20:2(11Z,14Z))",False,NA,0.478354940790106,PC
PC 34:3,PC 34:3,LMGP01010601,"PC(16:0/18:3(9Z,12Z,15Z))",False,NA,0.478354940790106,PC
PC 34:4,PC 34:4,LMGP01011869,"PC(20:3(8Z,11Z,14Z)/14:1(9Z))",False,NA,0.989224047010366,PC
PC 34:5,PC 34:5,LMGP01010508,"PC(14:0/20:5(5Z,8Z,11Z,14Z,17Z))",False,NA,0.202263314483973,PC
PC 36:2,PC 36:2,LMGP01010765,"PC(18:0/18:2(2E,4E))",False,PIPC,11.0910994845843,PC
PC 36:2,PC 36:2,LMGP01010890,PC(18:1(9Z)/18:1(9Z)),False,NA,11.0910994845843,PC
PC 36:2,PC 36:2,LMGP01010890,PC(18:1(9Z)/18:1(9Z)),False,DOPC,11.0910994845843,PC
PC 36:2,PC 36:2,LMGP01010765,"PC(18:0/18:2(2E,4E))",False,PIPC,11.0910994845843,PC
PC 36:2,PC 36:2,LMGP01010841,PC(18:1(11Z)/18:1(11Z)),False,DVPC,11.0910994845843,PC
PC 36:2,PC 36:2,LMGP01011469,"PC(16:0/20:2(11Z,14Z))",False,PEPC,11.0910994845843,PC
PC 36:2,PC 36:2,LMGP01011469,"PC(16:0/20:2(11Z,14Z))",False,PEPC,11.0910994845843,PC
PC 36:2,PC 36:2,LMGP01010768,"PC(18:0/18:2(9Z,12Z))",False,NA,11.0910994845843,PC
PC 36:3,PC 36:3,LMGP01011589,"PC(18:0/18:3(9Z,12Z,15Z))",False,NA,0.942470356140574,PC
PC 36:3,PC 36:3,LMGP01011842,"PC(20:2(11Z,14Z)/16:1(9Z))",False,NA,0.942470356140574,PC
PC 36:4,PC 36:4,LMGP01012254,"PC(16:0/20:4(5Z,8Z,11Z,14Z))",False,PAPC,1.10055965935251,PC
PC 36:4,PC 36:4,LMGP01010937,"PC(18:2(9Z,12Z)/18:2(9Z,12Z))",False,DIPC,1.10055965935251,PC
PC 36:4,PC 36:4,LMGP01010937,"PC(18:2(9Z,12Z)/18:2(9Z,12Z))",False,NA,1.10055965935251,PC
PC 36:4,PC 36:4,LMGP01010937,"PC(18:2(9Z,12Z)/18:2(9Z,12Z))",False,NA,1.10055965935251,PC
PC 36:4,PC 36:4,LMGP01010629,"PC(16:0/20:4(5E,8E,11E,14E))",False,PAPC,1.10055965935251,PC
PC 36:5,PC 36:5,LMGP01011626,"PC(18:2(9Z,12Z)/18:3(9Z,12Z,15Z))",False,NA,0.839979944780581,PC
PC 36:5,PC 36:5,LMGP01010633,"PC(16:0/20:5(5Z,8Z,11Z,14Z,17Z))",False,PUPC,0.839979944780581,PC
PC 36:6,PC 36:6,LMGP01011654,"PC(18:3(6Z,9Z,12Z)/18:3(6Z,9Z,12Z))",False,DFPC,0.0402603984967849,PC
PC 38:2,PC 38:2,LMGP01010788,"PC(18:0/20:2(11Z,14Z))",False,PEPC,0.837302051301549,PC
PC 38:2,PC 38:2,LMGP01010788,"PC(18:0/20:2(11Z,14Z))",False,PEPC,0.837302051301549,PC
PC 38:3,PC 38:3,LMGP01011688,"PC(18:3(9Z,12Z,15Z)/20:0)",False,NA,0.174818242304183,PC
PC 38:4,PC 38:4,LMGP01010802,"PC(18:0/20:4(5Z,8Z,11Z,14Z))",False,PAPC,0.20619133752979,PC
PC 38:4,PC 38:4,LMGP01010802,"PC(18:0/20:4(5Z,8Z,11Z,14Z))",False,NA,0.20619133752979,PC
PC 38:5,PC 38:5,LMGP01010647,"PC(16:0/22:5(7Z,10Z,13Z,16Z,19Z))",False,PAPC,0.968738069010593,PC
PC 38:5,PC 38:5,LMGP01010805,"PC(18:0/20:5(5Z,8Z,11Z,14Z,17Z))",False,PUPC,0.968738069010593,PC
PC 38:5,PC 38:5,LMGP01010645,"PC(16:0/22:5(4Z,7Z,10Z,13Z,16Z))",False,PAPC,0.968738069010593,PC
PC 38:7,PC 38:7,LMGP01011882,"PC(20:3(8Z,11Z,14Z)/18:4(6Z,9Z,12Z,15Z))",False,NA,0.0553177346049358,PC
PC 40:1,PC 40:1,LMGP01010811,PC(18:0/22:1(13Z)),False,PGPC,0.0,PC
PC 40:2,PC 40:2,LMGP01012221,PC(22:1(13Z)/18:1(9Z)),False,NA,0.089352165767862,PC
PC 40:2,PC 40:2,LMGP01011038,PC(20:1(11Z)/20:1(11Z)),False,NA,0.089352165767862,PC
PC 40:2,PC 40:2,LMGP01011038,PC(20:1(11Z)/20:1(11Z)),False,DGPC,0.089352165767862,PC
PC 40:3,PC 40:3,LMGP01011022,"PC(20:0/20:3(11Z,14Z,17Z))",False,NA,0.0176924628625818,PC
PC 40:4,PC 40:4,LMGP01011856,"PC(20:2(11Z,14Z)/20:2(11Z,14Z))",False,NA,0.0041419762480341,PC
PC 40:5,PC 40:5,LMGP01010816,"PC(18:0/22:5(4Z,7Z,10Z,13Z,16Z))",False,NA,0.0880705349483219,PC
PC 40:5,PC 40:5,LMGP01010818,"PC(18:0/22:5(7Z,10Z,13Z,16Z,19Z))",False,PAPC,0.0880705349483219,PC
PC 40:5,PC 40:5,LMGP01010816,"PC(18:0/22:5(4Z,7Z,10Z,13Z,16Z))",False,PAPC,0.0880705349483219,PC
PC 40:6,PC 40:6,LMGP01010821,"PC(18:0/22:6(4Z,7Z,10Z,13Z,16Z,19Z))",False,PRPC,0.100234978524943,PC
PC 40:6,PC 40:6,LMGP01010821,"PC(18:0/22:6(4Z,7Z,10Z,13Z,16Z,19Z))",False,PUPC,0.100234978524943,PC
PC 40:6,PC 40:6,LMGP01010821,"PC(18:0/22:6(4Z,7Z,10Z,13Z,16Z,19Z))",False,NA,0.100234978524943,PC
PC 40:7,PC 40:7,LMGP01011946,"PC(20:5(5Z,8Z,11Z,14Z,17Z)/20:2(11Z,14Z))",False,NA,0.124281823776327,PC
PC 40:8,PC 40:8,LMGP01011052,"PC(20:4(5Z,8Z,11Z,14Z)/20:4(5Z,8Z,11Z,14Z))",False,DAPC,0.0282498574760517,PC
PC 40:8,PC 40:8,LMGP01011052,"PC(20:4(5Z,8Z,11Z,14Z)/20:4(5Z,8Z,11Z,14Z))",False,NA,0.0282498574760517,PC
PC 42:1,PC 42:1,LMGP01011040,PC(20:1(13E)/22:0),False,NA,0.0024201937537643,PC
PC 42:2,PC 42:2,LMGP01012227,PC(22:1(13Z)/20:1(11Z)),False,DGPC,0.0718012359994682,PC
PC 42:2,PC 42:2,LMGP01012189,PC(20:1(11Z)/22:1(13Z)),False,DGPC,0.0718012359994682,PC
PC 42:3,PC 42:3,LMGP01011892,"PC(20:3(8Z,11Z,14Z)/22:0)",False,NA,0.0041547643958259,PC
PC 42:7,PC 42:7,LMGP01012059,"PC(22:2(13Z,16Z)/20:5(5Z,8Z,11Z,14Z,17Z))",False,NA,0.0037134633047853,PC
PC 42:9,PC 42:9,LMGP01012118,"PC(22:6(4Z,7Z,10Z,13Z,16Z,19Z)/20:3(8Z,11Z,14Z))",False,NA,0.0409333620558833,PC
PC 44:2,PC 44:2,LMGP01011110,PC(22:1(13Z)/22:1(13Z)),False,NA,0.0417328236934376,PC
PC 44:2,PC 44:2,LMGP01011110,PC(22:1(13Z)/22:1(13Z)),False,DGPC,0.0417328236934376,PC
PC 44:3,PC 44:3,LMGP01012062,"PC(22:2(13Z,16Z)/22:1(11Z))",False,NA,0.0007274027537829,PC
PCO- 32:0,PC O-32:0,LMGP01020195,PC(O-18:0/14:0),True,NA,0.626057029658969,PC O-
PCO- 34:1,PC O-34:1,LMGP01020003,PC(O-16:0/18:1(9Z)),True,NA,2.35914178176683,PC O-
PCO- 34:2,PC O-34:2,LMGP01030006,PC(P-16:0/18:1(9Z)),True,NA,1.20420411271599,PC O-
PCO- 34:3,PC O-34:3,LMGP01020042,"PC(O-16:0/18:3(9Z,12Z,15Z))",True,NA,0.19592314264907,PC O-
PCO- 36:1,PC O-36:1,LMGP01020187,PC(O-16:0/20:1(11Z)),True,NA,0.173975055499811,PC O-
PCO- 36:2,PC O-36:2,LMGP01030013,PC(P-18:0/18:1(9Z)),True,NA,0.553046696408006,PC
PCO- 36:2,PC O-36:2,LMGP01030013,PC(P-18:0/18:1(9Z)),True,NA,0.553046696408006,PC O-
PCO- 38:1,PC O-38:1,LMGP01020099,PC(O-18:0/20:1(9Z)),True,NA,0.0179109591995056,PC O-
PCO- 38:4,PC O-38:4,LMGP01020247,"PC(O-18:0/20:4(8Z,11Z,14Z,17Z))",True,NA,0.0407930221553828,PC O-
PCO- 38:5,PC O-38:5,LMGP01030012,"PC(P-18:0/20:4(5Z,8Z,11Z,14Z))",True,NA,0.177526872507693,PC
PCO- 38:5,PC O-38:5,LMGP01020157,"PC(O-18:1(9Z)/20:4(5Z,8Z,11Z,14Z))",True,NA,0.177526872507693,PC O-
PCO- 40:5,PC O-40:5,LMGP01030073,"PC(P-18:0/22:4(7Z,10Z,13Z,16Z))",True,NA,0.0086068836980468,PC O-
PCO- 40:6,PC O-40:6,LMGP01020110,"PC(O-18:0/22:6(4Z,7Z,10Z,13Z,16Z,19Z))",True,NA,0.0468614305750957,PC O-
PCO- 40:7,PC O-40:7,LMGP01030014,"PC(P-18:0/22:6(4Z,7Z,10Z,13Z,16Z,19Z))",True,NA,0.0613752460420188,PC
PCO- 40:7,PC O-40:7,LMGP01030014,"PC(P-18:0/22:6(4Z,7Z,10Z,13Z,16Z,19Z))",True,NA,0.0613752460420188,PC O-
PE 28:0,PE 28:0,LMGP02010352,PE(14:0/14:0),False,NA,0.0021046906031893,PE
PE 28:0,PE 28:0,LMGP02010352,PE(14:0/14:0),False,DLPE,0.0021046906031893,PE
PE 28:0,PE 28:0,LMGP02011262,PE(12:0/16:0),False,LPPE,0.0021046906031893,PE
PE 30:0,PE 30:0,LMGP02011261,PE(12:0/18:0),False,LPPE,0.0004283808442651,PE
PE 30:0,PE 30:0,LMGP02010302,PE(14:0/16:0),False,LPPE,0.0004283808442651,PE
PE 30:1,PE 30:1,LMGP02011260,PE(12:0/18:1(9Z)),False,NA,0.0050265766993962,PE
PE 32:0,PE 32:0,LMGP02011248,PE(14:0/18:0),False,LPPE,0.0,PE
PE 32:0,PE 32:0,LMGP02010037,PE(16:0/16:0),False,NA,0.0,PE
PE 32:0,PE 32:0,LMGP02010037,PE(16:0/16:0),False,DPPE,0.0,PE
PE 32:1,PE 32:1,LMGP02011228,PE(16:0/16:1(9Z)),False,POPE,0.14914199591984,PE
PE 32:1,PE 32:1,LMGP02011228,PE(16:0/16:1(9Z)),False,NA,0.14914199591984,PE
PE 32:2,PE 32:2,LMGP02010356,PE(16:1(5Z)/16:1(5Z)),False,DVPE,0.125490773569468,PE
PE 32:2,PE 32:2,LMGP02010108,PE(16:1(9Z)/16:1(9Z)),False,DOPE,0.125490773569468,PE
PE 32:2,PE 32:2,LMGP02010108,PE(16:1(9Z)/16:1(9Z)),False,NA,0.125490773569468,PE
PE 34:1,PE 34:1,LMGP02011204,PE(18:0/16:1(9Z)),False,POPE,0.249254281772333,PE
PE 34:1,PE 34:1,LMGP02010311,PE(16:0/18:1(7Z)),False,POPE,0.249254281772333,PE
PE 34:1,PE 34:1,LMGP02010009,PE(16:0/18:1(9Z)),False,NA,0.249254281772333,PE
PE 34:2,PE 34:2,LMGP02011198,PE(18:1(9Z)/16:1(9Z)),False,DOPE,0.563928917271692,PE
PE 34:2,PE 34:2,LMGP02010042,"PE(16:0/18:2(9Z,12Z))",False,NA,0.563928917271692,PE
PE 34:2,PE 34:2,LMGP02010042,"PE(16:0/18:2(9Z,12Z))",False,PIPE,0.563928917271692,PE
PE 34:2,PE 34:2,LMGP02010042,"PE(16:0/18:2(9Z,12Z))",False,PIPE,0.563928917271692,PE
PE 34:2,PE 34:2,LMGP02011198,PE(18:1(9Z)/16:1(9Z)),False,NA,0.563928917271692,PE
PE 34:2,PE 34:2,LMGP02011220,PE(16:1(9Z)/18:1(9Z)),False,DOPE,0.563928917271692,PE
PE 34:2,PE 34:2,LMGP02011220,PE(16:1(9Z)/18:1(9Z)),False,NA,0.563928917271692,PE
PE 34:3,PE 34:3,LMGP02010041,"PE(16:0/18:3(9Z,12Z,15Z))",False,NA,0.0168932223843735,PE
PE 34:3,PE 34:3,LMGP02010041,"PE(16:0/18:3(9Z,12Z,15Z))",False,NA,0.0168932223843735,PE
PE 36:1,PE 36:1,LMGP02010036,PE(18:0/18:1(9Z)),False,NA,0.0829274133969515,PE
PE 36:1,PE 36:1,LMGP02010301,PE(18:0/18:1(7Z)),False,POPE,0.0829274133969515,PE
PE 36:1,PE 36:1,LMGP02010312,PE(16:0/20:1(11Z)),False,PGPE,0.0829274133969515,PE
PE 36:2,PE 36:2,LMGP02010044,"PE(18:0/18:2(9Z,12Z))",False,PIPE,0.630895558254097,PE
PE 36:2,PE 36:2,LMGP02010044,"PE(18:0/18:2(9Z,12Z))",False,PIPE,0.630895558254097,PE
PE 36:2,PE 36:2,LMGP02010044,"PE(18:0/18:2(9Z,12Z))",False,NA,0.630895558254097,PE
PE 36:2,PE 36:2,LMGP02010052,PE(18:1(9Z)/18:1(9Z)),False,NA,0.630895558254097,PE
PE 36:2,PE 36:2,LMGP02010052,PE(18:1(9Z)/18:1(9Z)),False,DOPE,0.630895558254097,PE
PE 36:3,PE 36:3,LMGP02011222,"PE(16:0/20:3(8Z,11Z,14Z))",False,PQPE,0.10192185899183,PE
PE 36:3,PE 36:3,LMGP02011222,"PE(16:0/20:3(8Z,11Z,14Z))",False,PQPE,0.10192185899183,PE
PE 36:4,PE 36:4,LMGP02010111,"PE(18:2(9Z,12Z)/18:2(9Z,12Z))",False,NA,0.0421722531147211,PE
PE 36:4,PE 36:4,LMGP02010112,"PE(18:2(6Z,9Z)/18:2(6Z,9Z))",False,DIPE,0.0421722531147211,PE
PE 36:4,PE 36:4,LMGP02010096,"PE(16:0/20:4(5Z,8Z,11Z,14Z))",False,PAPE,0.0421722531147211,PE
PE 36:4,PE 36:4,LMGP02010096,"PE(16:0/20:4(5Z,8Z,11Z,14Z))",False,NA,0.0421722531147211,PE
PE 36:5,PE 36:5,LMGP02011221,"PE(16:0/20:5(5Z,8Z,11Z,14Z,17Z))",False,PUPE,0.0194999561082413,PE
PE 36:5,PE 36:5,LMGP02010665,"PE(18:2(9Z,12Z)/18:3(9Z,12Z,15Z))",False,NA,0.0194999561082413,PE
PE 38:2,PE 38:2,LMGP02011077,"PE(22:2(13Z,16Z)/16:0)",False,NA,0.0428111231055813,PE
PE 38:3,PE 38:3,LMGP02011202,"PE(18:0/20:3(8Z,11Z,14Z))",False,PQPE,0.0034758461009228,PE
PE 38:3,PE 38:3,LMGP02011202,"PE(18:0/20:3(8Z,11Z,14Z))",False,PQPE,0.0034758461009228,PE
PE 38:4,PE 38:4,LMGP02010118,"PE(18:0/20:4(5Z,8Z,11Z,14Z))",False,NA,0.033435551071518,PE
PE 38:4,PE 38:4,LMGP02010118,"PE(18:0/20:4(5Z,8Z,11Z,14Z))",False,PAPE,0.033435551071518,PE
PE 38:5,PE 38:5,LMGP02011201,"PE(18:0/20:5(5Z,8Z,11Z,14Z,17Z))",False,PUPE,0.09567388840276,PE
PE 38:6,PE 38:6,LMGP02010095,"PE(16:0/22:6(4Z,7Z,10Z,13Z,16Z,19Z))",False,PRPE,0.0280315535850841,PE
PE 38:6,PE 38:6,LMGP02010095,"PE(16:0/22:6(4Z,7Z,10Z,13Z,16Z,19Z))",False,PUPE,0.0280315535850841,PE
PE 38:6,PE 38:6,LMGP02010095,"PE(16:0/22:6(4Z,7Z,10Z,13Z,16Z,19Z))",False,NA,0.0280315535850841,PE
PE 38:7,PE 38:7,LMGP02011216,"PE(16:1(9Z)/22:6(4Z,7Z,10Z,13Z,16Z,19Z))",False,NA,0.0005840534266784,PE
PE 40:1,PE 40:1,LMGP02010633,PE(18:0/22:1(11Z)),False,PGPE,0.0,PE
PE 40:2,PE 40:2,LMGP02011175,PE(20:1(11Z)/20:1(11Z)),False,NA,0.0018965888232791,PE
PE 40:2,PE 40:2,LMGP02011175,PE(20:1(11Z)/20:1(11Z)),False,DGPE,0.0018965888232791,PE
PE 40:6,PE 40:6,LMGP02010094,"PE(18:0/22:6(4Z,7Z,10Z,13Z,16Z,19Z))",False,PRPE,0.0006748159598936,PE
PE 40:6,PE 40:6,LMGP02010094,"PE(18:0/22:6(4Z,7Z,10Z,13Z,16Z,19Z))",False,NA,0.0006748159598936,PE
PE 40:6,PE 40:6,LMGP02010094,"PE(18:0/22:6(4Z,7Z,10Z,13Z,16Z,19Z))",False,PUPE,0.0006748159598936,PE
PE 40:7,PE 40:7,LMGP02010736,"PE(18:3(9Z,12Z,15Z)/22:4(7Z,10Z,13Z,16Z))",False,NA,0.0215162647189842,PE
PE 42:2,PE 42:2,LMGP02010897,"PE(20:2(11Z,14Z)/22:0)",False,NA,0.0016113019219849,PE
PE 44:10,PE 44:10,LMGP02011272,"PE(22:4(7Z,10Z,13Z,16Z)/22:6(4Z,7Z,10Z,13Z,16Z,19Z))",False,NA,0.0428561504790909,PE
PEO- 36:2,PE O-36:2,LMGP02030004,PE(P-18:0/18:1(9Z)),True,NA,0.0141544947224538,PE
PEO- 36:2,PE O-36:2,LMGP02030025,PE(P-16:0/20:1(11Z)),True,NA,0.0141544947224538,PE O-
PEO- 36:3,PE O-36:3,LMGP02020049,"PE(O-18:0/18:3(6Z,9Z,12Z))",True,NA,0.0868549715347798,PE O-
PEO- 38:5,PE O-38:5,LMGP02030003,"PE(P-18:0/20:4(5Z,8Z,11Z,14Z))",True,NA,0.0267790833127895,PE
PEO- 38:5,PE O-38:5,LMGP02020007,"PE(O-16:0/22:5(7Z,10Z,13Z,16Z,19Z))",True,NA,0.0267790833127895,PE O-
PG 32:1,PG 32:1,LMGP04010910,PG(16:0/16:1(9Z)),False,NA,0.0038935444085785,PG
PG 32:1,PG 32:1,LMGP04010207,PG(16:1(9Z)/16:0),False,JPPG,0.0038935444085785,PG
PG 32:1,PG 32:1,LMGP04010207,PG(16:1(9Z)/16:0),False,OPPG,0.0038935444085785,PG
PG 32:1,PG 32:1,LMGP04010910,PG(16:0/16:1(9Z)),False,POPG,0.0038935444085785,PG
PG 32:2,PG 32:2,LMGP04010967,PG(16:1(9Z)/16:1(9Z)),False,DVPG,0.0001611646656808,PG
PG 32:2,PG 32:2,LMGP04010967,PG(16:1(9Z)/16:1(9Z)),False,NA,0.0001611646656808,PG
PG 32:2,PG 32:2,LMGP04010967,PG(16:1(9Z)/16:1(9Z)),False,DOPG,0.0001611646656808,PG
PG 34:0,PG 34:0,LMGP04010888,PG(18:0/16:0),False,DPPG,0.0165852846735587,PG
PG 34:0,PG 34:0,LMGP04010907,PG(16:0/18:0),False,NA,0.0165852846735587,PG
PG 34:0,PG 34:0,LMGP04010907,PG(16:0/18:0),False,DPPG,0.0165852846735587,PG
PG 34:1,PG 34:1,LMGP04010987,PG(16:0/18:1(9Z)),False,POPG,0.0612083365458563,PG
PG 34:1,PG 34:1,LMGP04010987,PG(16:0/18:1(9Z)),False,NA,0.0612083365458563,PG
PG 34:1,PG 34:1,LMGP04010962,PG(18:1(9Z)/16:0),False,NA,0.0612083365458563,PG
PG 34:1,PG 34:1,LMGP04010002,PG(16:0/18:1(9Z)),False,NA,0.0612083365458563,PG
PG 34:1,PG 34:1,LMGP04010962,PG(18:1(9Z)/16:0),False,OPPG,0.0612083365458563,PG
PG 34:1,PG 34:1,LMGP04010887,PG(18:0/16:1(9Z)),False,POPG,0.0612083365458563,PG
PG 34:1,PG 34:1,LMGP04010211,PG(16:1(9Z)/18:0),False,OPPG,0.0612083365458563,PG
PG 34:1,PG 34:1,LMGP04010002,PG(16:0/18:1(9Z)),False,POPG,0.0612083365458563,PG
PG 34:2,PG 34:2,LMGP04010881,PG(18:1(9Z)/16:1(9Z)),False,NA,0.0106301699015981,PG
PG 34:2,PG 34:2,LMGP04010881,PG(18:1(9Z)/16:1(9Z)),False,DOPG,0.0106301699015981,PG
PG 34:2,PG 34:2,LMGP04010902,PG(16:1(9Z)/18:1(9Z)),False,DVPG,0.0106301699015981,PG
PG 34:2,PG 34:2,LMGP04010902,PG(16:1(9Z)/18:1(9Z)),False,DOPG,0.0106301699015981,PG
PG 34:2,PG 34:2,LMGP04010881,PG(18:1(9Z)/16:1(9Z)),False,DVPG,0.0106301699015981,PG
PG 34:2,PG 34:2,LMGP04010983,"PG(16:0/18:2(9Z,12Z))",False,PIPG,0.0106301699015981,PG
PG 34:2,PG 34:2,LMGP04010983,"PG(16:0/18:2(9Z,12Z))",False,PIPG,0.0106301699015981,PG
PG 34:2,PG 34:2,LMGP04010983,"PG(16:0/18:2(9Z,12Z))",False,NA,0.0106301699015981,PG
PG 34:3,PG 34:3,LMGP04010973,"PG(16:0/18:3(9Z,12Z,15Z))",False,NA,0.0,PG
PG 36:1,PG 36:1,LMGP04010037,PG(18:0/18:1(9Z)),False,POPG,0.0214449228725646,PG
PG 36:1,PG 36:1,LMGP04010037,PG(18:0/18:1(9Z)),False,NA,0.0214449228725646,PG
PG 36:1,PG 36:1,LMGP04010970,PG(16:0/20:1(11Z)),False,PGPG,0.0214449228725646,PG
PG 36:1,PG 36:1,LMGP04010961,PG(18:1(9Z)/18:0),False,OPPG,0.0214449228725646,PG
PG 36:2,PG 36:2,LMGP04010985,PG(18:1(9Z)/18:1(9Z)),False,DVPG,0.0197024703897801,PG
PG 36:2,PG 36:2,LMGP04010982,"PG(18:0/18:2(9Z,12Z))",False,PIPG,0.0197024703897801,PG
PG 36:2,PG 36:2,LMGP04010982,"PG(18:0/18:2(9Z,12Z))",False,PIPG,0.0197024703897801,PG
PG 36:2,PG 36:2,LMGP04010982,"PG(18:0/18:2(9Z,12Z))",False,NA,0.0197024703897801,PG
PG 36:2,PG 36:2,LMGP04010985,PG(18:1(9Z)/18:1(9Z)),False,DOPG,0.0197024703897801,PG
PG 38:6,PG 38:6,LMGP04010041,"PG(16:0/22:6(4Z,7Z,10Z,13Z,16Z,19Z))",False,PRPG,2.31059742844812e-05,PG
PG 40:6,PG 40:6,LMGP04010040,"PG(18:0/22:6(4Z,7Z,10Z,13Z,16Z,19Z))",False,PRPG,0.0,PG
PG 40:6,PG 40:6,LMGP04010040,"PG(18:0/22:6(4Z,7Z,10Z,13Z,16Z,19Z))",False,NA,0.0,PG
PG 44:12,PG 44:12,LMGP04010977,"PG(22:6(4Z,7Z,10Z,13Z,16Z,19Z)/22:6(4Z,7Z,10Z,13Z,16Z,19Z))",False,DRPG,0.0,PG
PI 30:1,PI 30:1,LMGP06010133,PI(15:1(9Z)/15:0),False,NA,0.031451562308827,PI
PI 32:1,PI 32:1,LMGP06010960,PI(14:0/18:1(9Z)),False,NA,0.500483165284107,PI
PI 32:1,PI 32:1,LMGP06010881,PI(16:0/16:1(9Z)),False,NA,0.500483165284107,PI
PI 32:2,PI 32:2,LMGP06010112,"PI(15:0/17:2(9Z,12Z))",False,NA,0.0969206742142875,PI
PI 34:1,PI 34:1,LMGP06010479,PI(20:0/14:1(9Z)),False,NA,1.2929863492828,PI
PI 34:1,PI 34:1,LMGP06010001,PI(16:0/18:1(9Z)),False,NA,1.2929863492828,PI
PI 34:2,PI 34:2,LMGP06010959,"PI(16:0/18:2(9Z,12Z))",False,NA,0.907471612848904,PI
PI 34:2,PI 34:2,LMGP06010959,"PI(16:0/18:2(9Z,12Z))",False,NA,0.907471612848904,PI
PI 34:3,PI 34:3,LMGP06010944,"PI(16:0/18:3(9Z,12Z,15Z))",False,NA,0.0169453204488305,PI
PI 34:3,PI 34:3,LMGP06010944,"PI(16:0/18:3(9Z,12Z,15Z))",False,NA,0.0169453204488305,PI
PI 36:1,PI 36:1,LMGP06010184,PI(16:1(9Z)/20:0),False,NA,0.725947969776582,PI
PI 36:2,PI 36:2,LMGP06010956,"PI(18:0/18:2(9Z,12Z))",False,NA,1.21406842749102,PI
PI 36:2,PI 36:2,LMGP06010075,"PI(14:0/22:2(13Z,16Z))",False,NA,1.21406842749102,PI
PI 36:3,PI 36:3,LMGP06010931,"PI(18:1(9Z)/18:2(9Z,12Z))",False,NA,0.11825440267545,PI
PI 36:4,PI 36:4,LMGP06010850,"PI(18:1(9Z)/18:3(9Z,12Z,15Z))",False,NA,0.116165427863284,PI
PI 36:4,PI 36:4,LMGP06010927,"PI(18:2(9Z,12Z)/18:2(9Z,12Z))",False,NA,0.116165427863284,PI
PI 36:5,PI 36:5,LMGP06010299,"PI(18:1(9Z)/18:4(6Z,9Z,12Z,15Z))",False,NA,0.0163037162062552,PI
PI 36:5,PI 36:5,LMGP06010320,"PI(18:2(9Z,12Z)/18:3(9Z,12Z,15Z))",False,NA,0.0163037162062552,PI
PI 38:1,PI 38:1,LMGP06010700,PI(22:1(11Z)/16:0),False,NA,0.0152295103061856,PI
PI 38:2,PI 38:2,LMGP06010701,PI(22:1(11Z)/16:1(9Z)),False,NA,0.142034976819022,PI
PI 38:3,PI 38:3,LMGP06010381,"PI(18:3(9Z,12Z,15Z)/20:0)",False,NA,0.16365580788927,PI
PI 38:4,PI 38:4,LMGP06010598,"PI(20:4(5Z,8Z,11Z,14Z)/18:0)",False,NA,0.484827718160688,PI
PI 38:4,PI 38:4,LMGP06010010,"PI(18:0/20:4(5Z,8Z,11Z,14Z))",False,NA,0.484827718160688,PI
PI 38:5,PI 38:5,LMGP06010849,"PI(18:1(9Z)/20:4(5Z,8Z,11Z,14Z))",False,NA,0.197317282960472,PI
PI 38:6,PI 38:6,LMGP06010414,"PI(18:4(6Z,9Z,12Z,15Z)/20:2(11Z,14Z))",False,NA,0.0167227941033229,PI
PI 40:2,PI 40:2,LMGP06010305,PI(18:1(9Z)/22:1(11Z)),False,NA,0.0024753884427472,PI
PI 40:5,PI 40:5,LMGP06010362,"PI(18:3(6Z,9Z,12Z)/22:2(13Z,16Z))",False,NA,0.0406729561518028,PI
PI 40:6,PI 40:6,LMGP06010012,"PI(18:0/22:6(4Z,7Z,10Z,13Z,16Z,19Z))",False,NA,0.0580807363424902,PI
PI 40:6,PI 40:6,LMGP06010549,"PI(20:2(11Z,14Z)/20:4(5Z,8Z,11Z,14Z))",False,NA,0.0580807363424902,PI
PI 40:7,PI 40:7,LMGP06010550,"PI(20:2(11Z,14Z)/20:5(5Z,8Z,11Z,14Z,17Z))",False,NA,0.009076985847254,PI
PS 30:0,PS 30:0,LMGP03010983,PS(14:0/16:0),False,LPPS,5.18269375003681e-05,PS
PS 30:0,PS 30:0,LMGP03010941,PS(12:0/18:0),False,LPPS,5.18269375003681e-05,PS
PS 32:1,PS 32:1,LMGP03010909,PS(16:0/16:1(9Z)),False,POPS,0.0334677173986671,PS
PS 32:2,PS 32:2,LMGP03010964,PS(16:1(9Z)/16:1(9Z)),False,DOPS,0.0,PS
PS 32:2,PS 32:2,LMGP03010964,PS(16:1(9Z)/16:1(9Z)),False,DVPS,0.0,PS
PS 32:2,PS 32:2,LMGP03010964,PS(16:1(9Z)/16:1(9Z)),False,NA,0.0,PS
PS 34:1,PS 34:1,LMGP03010024,PS(16:0/18:1(9Z)),False,NA,0.0945809262964965,PS
PS 34:1,PS 34:1,LMGP03010887,PS(18:0/16:1(9Z)),False,POPS,0.0945809262964965,PS
PS 34:1,PS 34:1,LMGP03010024,PS(16:0/18:1(9Z)),False,POPS,0.0945809262964965,PS
PS 34:2,PS 34:2,LMGP03010901,PS(16:1(9Z)/18:1(9Z)),False,NA,0.0324096855312979,PS
PS 34:2,PS 34:2,LMGP03010881,PS(18:1(9Z)/16:1(9Z)),False,DOPS,0.0324096855312979,PS
PS 34:2,PS 34:2,LMGP03010881,PS(18:1(9Z)/16:1(9Z)),False,DVPS,0.0324096855312979,PS
PS 34:2,PS 34:2,LMGP03010976,"PS(16:0/18:2(9Z,12Z))",False,PIPS,0.0324096855312979,PS
PS 34:2,PS 34:2,LMGP03010976,"PS(16:0/18:2(9Z,12Z))",False,PIPS,0.0324096855312979,PS
PS 34:2,PS 34:2,LMGP03010976,"PS(16:0/18:2(9Z,12Z))",False,NA,0.0324096855312979,PS
PS 34:2,PS 34:2,LMGP03010901,PS(16:1(9Z)/18:1(9Z)),False,DOPS,0.0324096855312979,PS
PS 34:2,PS 34:2,LMGP03010901,PS(16:1(9Z)/18:1(9Z)),False,DVPS,0.0324096855312979,PS
PS 36:1,PS 36:1,LMGP03010967,PS(16:0/20:1(11Z)),False,PGPS,0.0682892964119617,PS
PS 36:1,PS 36:1,LMGP03010025,PS(18:0/18:1(9Z)),False,NA,0.0682892964119617,PS
PS 36:1,PS 36:1,LMGP03010025,PS(18:0/18:1(9Z)),False,POPS,0.0682892964119617,PS
PS 36:2,PS 36:2,LMGP03010031,"PS(18:0/18:2(9Z,12Z))",False,PIPS,0.064357189437947,PS
PS 36:2,PS 36:2,LMGP03010031,"PS(18:0/18:2(9Z,12Z))",False,NA,0.064357189437947,PS
PS 36:2,PS 36:2,LMGP03010031,"PS(18:0/18:2(9Z,12Z))",False,PIPS,0.064357189437947,PS
PS 36:2,PS 36:2,LMGP03010030,PS(18:1(9Z)/18:1(9Z)),False,NA,0.064357189437947,PS
PS 36:2,PS 36:2,LMGP03010030,PS(18:1(9Z)/18:1(9Z)),False,DOPS,0.064357189437947,PS
PS 36:2,PS 36:2,LMGP03010030,PS(18:1(9Z)/18:1(9Z)),False,DVPS,0.064357189437947,PS
PS 36:3,PS 36:3,LMGP03010903,"PS(16:0/20:3(8Z,11Z,14Z))",False,PQPS,0.0024515807510014,PS
PS 36:3,PS 36:3,LMGP03010903,"PS(16:0/20:3(8Z,11Z,14Z))",False,PQPS,0.0024515807510014,PS
PS 36:4,PS 36:4,LMGP03010023,"PS(18:2(9Z,12Z)/18:2(9Z,12Z))",False,DIPS,0.0012365675920375,PS
PS 36:4,PS 36:4,LMGP03010038,"PS(16:0/20:4(5Z,8Z,11Z,14Z))",False,PAPS,0.0012365675920375,PS
PS 36:4,PS 36:4,LMGP03010038,"PS(16:0/20:4(5Z,8Z,11Z,14Z))",False,NA,0.0012365675920375,PS
PS 38:4,PS 38:4,LMGP03010039,"PS(18:0/20:4(5Z,8Z,11Z,14Z))",False,PAPS,0.0076322936094605,PS
PS 38:4,PS 38:4,LMGP03010039,"PS(18:0/20:4(5Z,8Z,11Z,14Z))",False,NA,0.0076322936094605,PS
PS 40:2,PS 40:2,LMGP03010860,PS(20:1(11Z)/20:1(11Z)),False,DGPS,0.0128942110517497,PS
PS 40:2,PS 40:2,LMGP03010860,PS(20:1(11Z)/20:1(11Z)),False,NA,0.0128942110517497,PS
PS 42:2,PS 42:2,LMGP03010745,PS(22:1(11Z)/20:1(11Z)),False,DGPS,0.0031711923718704,PS
PS 42:2,PS 42:2,LMGP03010554,PS(20:1(11Z)/22:1(11Z)),False,DGPS,0.0031711923718704,PS
SM 32:0;2,SM 32:0;O2,LMSP03010030,SM(d18:0/14:0),True,NA,0.0001523513312136,SM
SM 32:1;2,SM 32:1;O2,LMSP03010035,SM(d16:1/16:0),True,NA,0.0055218776514001,SM
SM 34:0;2,SM 34:0;O2,LMSP03010004,SM(d18:0/16:0),True,NA,0.0895808779066119,SM
SM 34:1;2,SM 34:1;O2,LMSP03010003,SM(d18:1/16:0),True,NA,0.310618289769709,SM
SM 34:1;2,SM 34:1;O2,LMSP03010003,SM(d18:1/16:0),True,NA,0.310618289769709,SM
SM 34:2;2,SM 34:2;O2,LMSP03010041,SM(d18:1/16:1),True,NA,0.0130658997100443,SM
SM 36:1;2,SM 36:1;O2,LMSP03010001,SM(d18:1/18:0),True,NA,0.0,SM
SM 36:2;2,SM 36:2;O2,LMSP03010029,SM(d18:1/18:1(9Z)),True,NA,0.0,SM
SM 36:3;2,SM 36:3;O2,LMSP03010047,SM(d18:2/18:1),True,NA,0.0002281543045743,SM
SM 38:1;2,SM 38:1;O2,LMSP03010005,SM(d18:1/20:0),True,NA,0.0,SM
SM 40:1;2,SM 40:1;O2,LMSP03010006,SM(d18:1/22:0),True,NA,0.0,SM
SM 42:1;2,SM 42:1;O2,LMSP03010008,SM(d18:1/24:0),True,NA,0.0,SM
SM 42:2;2,SM 42:2;O2,LMSP03010007,SM(d18:1/24:1(15Z)),True,NA,0.0538605013309244,SM
SM 42:2;2,SM 42:2;O2,LMSP03010007,SM(d18:1/24:1(15Z)),True,NA,0.0538605013309244,SM
SM 42:3;2,SM 42:3;O2,LMSP03010080,SM(d18:2/24:1),True,NA,0.0012508800616333,SM
Chol,ST 27:1;O,LMST01010001,Cholesterol,True,NA,8.4052853188569,Chol
Chol,ST 27:1;O,LMST01010205,5beta-cholestanone,True,NA,8.4052853188569,Chol
CL 64:4,"CL(1'-[16:1(9Z)/16:1(9Z)],3'-[16:1(9Z)/16:1(9Z)])",NA,NA,True,NA,0.0,CL
CL 64:4,"CL(1'-[16:1(9Z)/16:1(9Z)],3'-[16:1(9Z)/16:1(9Z)])",NA,NA,True,NA,0.0,CL
Cer 42:3;2,NA,NA,NA,False,NA,0.0384981791551303,Cer
Cer 44:3;2,NA,NA,NA,False,NA,0.0012902120182801,Cer
LPCO- 20:3,NA,NA,NA,False,NA,0.0003145315632124,LPCO-
LPCO- 22:4,NA,NA,NA,False,NA,0.0004812590731904,LPCO-
LPEO- 16:1,NA,NA,NA,False,NA,0.0097017835922575,LPE O-
LPEO- 18:2,NA,NA,NA,False,NA,0.0037200205093383,LPE O-
LPEO- 20:1,NA,NA,NA,False,NA,9.7191827421882e-05,LPE O-
LPEO- 20:1,NA,NA,NA,False,NA,9.7191827421882e-05,LPE O-
PCO- 28:0,NA,NA,NA,False,NA,0.0036185465138509,PC O-
PCO- 30:0,NA,NA,NA,False,NA,0.549686010708551,PC O-
PCO- 30:1,NA,NA,NA,False,NA,0.227132282437719,PC O-
PCO- 32:1,NA,NA,NA,False,NA,2.59721549730921,PC O-
PCO- 32:2,NA,NA,NA,False,NA,0.452483952591879,PC O-
PCO- 36:3,NA,NA,NA,False,NA,0.320136632609667,PC O-
PCO- 36:4,NA,NA,NA,False,NA,0.2721366323802,PC O-
PCO- 38:2,NA,NA,NA,False,NA,0.0696231134257632,PC O-
PCO- 38:3,NA,NA,NA,False,NA,0.0228113595009516,PC O-
PCO- 38:6,NA,NA,NA,False,NA,0.138494042959106,PC O-
PCO- 38:7,NA,NA,NA,False,NA,0.0050716192325104,PC O-
PCO- 40:1,NA,NA,NA,False,NA,0.0004404576703991,PC O-
PCO- 42:6,NA,NA,NA,False,NA,0.0001230132132905,PC O-
PCO- 44:3,NA,NA,NA,False,NA,0.00056016410443,PC O-
PCO- 44:4,NA,NA,NA,False,NA,0.0001694310391084,PC O-
PEO- 32:2,NA,NA,NA,False,NA,0.0789177553507901,PE O-
PEO- 34:2,NA,NA,NA,False,NA,0.136607885200661,PE O-
PEO- 34:3,NA,NA,NA,False,NA,0.0710395076677444,PE O-
PEO- 36:5,NA,NA,NA,False,NA,0.10177269069882,PE O-
PEO- 36:6,NA,NA,NA,False,NA,0.0428378631994765,PE O-
PEO- 38:6,NA,NA,NA,False,NA,0.178067981754194,PE O-
PEO- 38:7,NA,NA,NA,False,NA,0.163957532240052,PE O-
PEO- 40:7,NA,NA,NA,False,NA,0.0054897373144299,PE O-
PEO- 40:8,NA,NA,NA,False,NA,0.041422287429511,PE O-
Cer 32:0;2,Cer 32:0;O2,LMSP02020068,Cer(d16:0/16:0),True,NA,0.0,NA
Cer 32:0;2,Cer 32:0;O2,LMSP02020016,Cer(d18:0/14:0),True,NA,0.0,NA
Cer 34:3;2,Cer 34:3;O2,LMSP02010055,"Cer(d14:2(4E,6E)/20:1(11Z))",True,NA,0.0,NA
Cer 44:2;2,Cer 44:2;O2,LMSP02010173,Cer(d18:2/26:0),True,NA,0.0,NA
Cer 44:2;2,Cer 44:2;O2,LMSP02010010,Cer(d18:1/26:1(17Z)),True,NA,0.0,NA
CL 64:3,NA,NA,NA,False,NA,0.0,NA
CL 66:2,CL 66:2,LMGP12010115,"CL(1'-[16:0/18:2(9Z,12Z)],3'-[16:0/16:0])",False,NA,0.0,NA
CL 66:2,CL 66:2,LMGP12010010,"CL(1'-[16:0/16:0],3'-[16:0/18:2(9Z,12Z)])",False,NA,0.0,NA
CL 66:2,CL 66:2,LMGP12010655,"CL(1'-[18:2(9Z,12Z)/16:0],3'-[16:0/16:0])",False,NA,0.0,NA
CL 66:2,CL 66:2,LMGP12010025,"CL(1'-[16:0/16:0],3'-[18:2(9Z,12Z)/16:0])",False,NA,0.0,NA
CL 66:3,NA,NA,NA,False,NA,0.0,NA
CL 66:4,NA,NA,NA,False,NA,0.0,NA
CL 66:5,NA,NA,NA,False,NA,0.0,NA
CL 68:3,CL 68:3,LMGP12010117,"CL(1'-[16:0/18:2(9Z,12Z)],3'-[16:0/18:1(9Z)])",False,NA,0.0,NA
CL 68:3,CL 68:3,LMGP12010082,"CL(1'-[16:0/18:1(9Z)],3'-[16:0/18:2(9Z,12Z)])",False,NA,0.0,NA
CL 68:3,CL 68:3,LMGP12010097,"CL(1'-[16:0/18:1(9Z)],3'-[18:2(9Z,12Z)/16:0])",False,NA,0.0,NA
CL 68:3,CL 68:3,LMGP12010127,"CL(1'-[16:0/18:2(9Z,12Z)],3'-[18:1(9Z)/16:0])",False,NA,0.0,NA
CL 68:3,CL 68:3,LMGP12010027,"CL(1'-[16:0/16:0],3'-[18:2(9Z,12Z)/18:1(9Z)])",False,NA,0.0,NA
CL 68:3,CL 68:3,LMGP12010657,"CL(1'-[18:2(9Z,12Z)/16:0],3'-[16:0/18:1(9Z)])",False,NA,0.0,NA
CL 68:3,CL 68:3,LMGP12010457,"CL(1'-[18:1(9Z)/16:0],3'-[18:2(9Z,12Z)/16:0])",False,NA,0.0,NA
CL 68:3,CL 68:3,LMGP12010667,"CL(1'-[18:2(9Z,12Z)/16:0],3'-[18:1(9Z)/16:0])",False,NA,0.0,NA
CL 68:3,CL 68:3,LMGP12010727,"CL(1'-[18:2(9Z,12Z)/18:1(9Z)],3'-[16:0/16:0])",False,NA,0.0,NA
CL 68:3,CL 68:3,LMGP12010547,"CL(1'-[18:1(9Z)/18:2(9Z,12Z)],3'-[16:0/16:0])",False,NA,0.0,NA
CL 68:3,CL 68:3,LMGP12010442,"CL(1'-[18:1(9Z)/16:0],3'-[16:0/18:2(9Z,12Z)])",False,NA,0.0,NA
CL 68:3,CL 68:3,LMGP12010022,"CL(1'-[16:0/16:0],3'-[18:1(9Z)/18:2(9Z,12Z)])",False,NA,0.0,NA
CL 68:4,CL 68:4,LMGP12010133,"CL(1'-[16:0/18:2(9Z,12Z)],3'-[18:2(9Z,12Z)/16:0])",False,NA,0.0,NA
CL 68:4,CL 68:4,LMGP12010658,"CL(1'-[18:2(9Z,12Z)/16:0],3'-[16:0/18:2(9Z,12Z)])",False,NA,0.0,NA
CL 68:4,CL 68:4,LMGP12010012,"CL(1'-[16:0/16:0],3'-[16:0/20:4(5Z,8Z,11Z,14Z)])",False,NA,0.0,NA
CL 68:4,CL 68:4,LMGP12010187,"CL(1'-[16:0/20:4(5Z,8Z,11Z,14Z)],3'-[16:0/16:0])",False,NA,0.0,NA
CL 68:4,CL 68:4,LMGP12010037,"CL(1'-[16:0/16:0],3'-[20:4(5Z,8Z,11Z,14Z)/16:0])",False,NA,0.0,NA
CL 68:4,CL 68:4,LMGP12010028,"CL(1'-[16:0/16:0],3'-[18:2(9Z,12Z)/18:2(9Z,12Z)])",False,NA,0.0,NA
CL 68:4,CL 68:4,LMGP12010673,"CL(1'-[18:2(9Z,12Z)/16:0],3'-[18:2(9Z,12Z)/16:0])",False,NA,0.0,NA
CL 68:4,CL 68:4,LMGP12011087,"CL(1'-[20:4(5Z,8Z,11Z,14Z)/16:0],3'-[16:0/16:0])",False,NA,0.0,NA
CL 68:4,CL 68:4,LMGP12010763,"CL(1'-[18:2(9Z,12Z)/18:2(9Z,12Z)],3'-[16:0/16:0])",False,NA,0.0,NA
CL 68:4,CL 68:4,LMGP12010118,"CL(1'-[16:0/18:2(9Z,12Z)],3'-[16:0/18:2(9Z,12Z)])",False,NA,0.0,NA
CL 68:5,NA,NA,NA,False,NA,0.0,NA
CL 70:3,CL 70:3,LMGP12010333,"CL(1'-[18:0/18:2(9Z,12Z)],3'-[16:0/18:1(9Z)])",False,NA,0.0,NA
CL 70:3,CL 70:3,LMGP12010313,"CL(1'-[18:0/18:1(9Z)],3'-[18:2(9Z,12Z)/16:0])",False,NA,0.0,NA
CL 70:3,CL 70:3,LMGP12010553,"CL(1'-[18:1(9Z)/18:2(9Z,12Z)],3'-[18:0/16:0])",False,NA,0.0,NA
CL 70:3,CL 70:3,LMGP12010453,"CL(1'-[18:1(9Z)/16:0],3'-[18:1(9Z)/18:1(9Z)])",False,NA,0.0,NA
CL 70:3,CL 70:3,LMGP12010088,"CL(1'-[16:0/18:1(9Z)],3'-[18:0/18:2(9Z,12Z)])",False,NA,0.0,NA
CL 70:3,CL 70:3,LMGP12010123,"CL(1'-[16:0/18:2(9Z,12Z)],3'-[18:0/18:1(9Z)])",False,NA,0.0,NA
CL 70:3,CL 70:3,LMGP12010663,"CL(1'-[18:2(9Z,12Z)/16:0],3'-[18:0/18:1(9Z)])",False,NA,0.0,NA
CL 70:3,CL 70:3,LMGP12010693,"CL(1'-[18:2(9Z,12Z)/18:0],3'-[16:0/18:1(9Z)])",False,NA,0.0,NA
CL 70:3,CL 70:3,LMGP12010513,"CL(1'-[18:1(9Z)/18:1(9Z)],3'-[16:0/18:1(9Z)])",False,NA,0.0,NA
CL 70:3,CL 70:3,LMGP12010448,"CL(1'-[18:1(9Z)/16:0],3'-[18:0/18:2(9Z,12Z)])",False,NA,0.0,NA
CL 70:3,CL 70:3,LMGP12010298,"CL(1'-[18:0/18:1(9Z)],3'-[16:0/18:2(9Z,12Z)])",False,NA,0.0,NA
CL 70:3,CL 70:3,LMGP12010098,"CL(1'-[16:0/18:1(9Z)],3'-[18:2(9Z,12Z)/18:0])",False,NA,0.0,NA
CL 70:3,CL 70:3,LMGP12010243,"CL(1'-[18:0/16:0],3'-[18:2(9Z,12Z)/18:1(9Z)])",False,NA,0.0,NA
CL 70:3,CL 70:3,LMGP12010548,"CL(1'-[18:1(9Z)/18:2(9Z,12Z)],3'-[16:0/18:0])",False,NA,0.0,NA
CL 70:3,CL 70:3,LMGP12010128,"CL(1'-[16:0/18:2(9Z,12Z)],3'-[18:1(9Z)/18:0])",False,NA,0.0,NA
CL 70:3,CL 70:3,LMGP12010703,"CL(1'-[18:2(9Z,12Z)/18:0],3'-[18:1(9Z)/16:0])",False,NA,0.0,NA
CL 70:3,CL 70:3,LMGP12010343,"CL(1'-[18:0/18:2(9Z,12Z)],3'-[18:1(9Z)/16:0])",False,NA,0.0,NA
CL 70:3,CL 70:3,LMGP12010093,"CL(1'-[16:0/18:1(9Z)],3'-[18:1(9Z)/18:1(9Z)])",False,NA,0.0,NA
CL 70:3,CL 70:3,LMGP12010478,"CL(1'-[18:1(9Z)/18:0],3'-[16:0/18:2(9Z,12Z)])",False,NA,0.0,NA
CL 70:3,CL 70:3,LMGP12010523,"CL(1'-[18:1(9Z)/18:1(9Z)],3'-[18:1(9Z)/16:0])",False,NA,0.0,NA
CL 70:3,CL 70:3,LMGP12010728,"CL(1'-[18:2(9Z,12Z)/18:1(9Z)],3'-[16:0/18:0])",False,NA,0.0,NA
CL 70:3,CL 70:3,LMGP12010458,"CL(1'-[18:1(9Z)/16:0],3'-[18:2(9Z,12Z)/18:0])",False,NA,0.0,NA
CL 70:3,CL 70:3,LMGP12010493,"CL(1'-[18:1(9Z)/18:0],3'-[18:2(9Z,12Z)/16:0])",False,NA,0.0,NA
CL 70:3,CL 70:3,LMGP12010238,"CL(1'-[18:0/16:0],3'-[18:1(9Z)/18:2(9Z,12Z)])",False,NA,0.0,NA
CL 70:3,CL 70:3,LMGP12010058,"CL(1'-[16:0/18:0],3'-[18:1(9Z)/18:2(9Z,12Z)])",False,NA,0.0,NA
CL 70:3,CL 70:3,LMGP12010733,"CL(1'-[18:2(9Z,12Z)/18:1(9Z)],3'-[18:0/16:0])",False,NA,0.0,NA
CL 70:3,CL 70:3,LMGP12010063,"CL(1'-[16:0/18:0],3'-[18:2(9Z,12Z)/18:1(9Z)])",False,NA,0.0,NA
CL 70:3,CL 70:3,LMGP12010668,"CL(1'-[18:2(9Z,12Z)/16:0],3'-[18:1(9Z)/18:0])",False,NA,0.0,NA
CL 70:4,CL 70:4,LMGP12010188,"CL(1'-[16:0/20:4(5Z,8Z,11Z,14Z)],3'-[16:0/18:0])",False,NA,0.0,NA
CL 70:4,CL 70:4,LMGP12010729,"CL(1'-[18:2(9Z,12Z)/18:1(9Z)],3'-[16:0/18:1(9Z)])",False,NA,0.0,NA
CL 70:4,CL 70:4,LMGP12010403,"CL(1'-[18:0/20:4(5Z,8Z,11Z,14Z)],3'-[16:0/16:0])",False,NA,0.0,NA
CL 70:4,CL 70:4,LMGP12010099,"CL(1'-[16:0/18:1(9Z)],3'-[18:2(9Z,12Z)/18:1(9Z)])",False,NA,0.0,NA
CL 70:4,CL 70:4,LMGP12010334,"CL(1'-[18:0/18:2(9Z,12Z)],3'-[16:0/18:2(9Z,12Z)])",False,NA,0.0,NA
CL 70:4,CL 70:4,LMGP12010129,"CL(1'-[16:0/18:2(9Z,12Z)],3'-[18:1(9Z)/18:1(9Z)])",False,NA,0.0,NA
CL 70:4,CL 70:4,LMGP12010669,"CL(1'-[18:2(9Z,12Z)/16:0],3'-[18:1(9Z)/18:1(9Z)])",False,NA,0.0,NA
CL 70:4,CL 70:4,LMGP12010228,"CL(1'-[18:0/16:0],3'-[16:0/20:4(5Z,8Z,11Z,14Z)])",False,NA,0.0,NA
CL 70:4,CL 70:4,LMGP12010674,"CL(1'-[18:2(9Z,12Z)/16:0],3'-[18:2(9Z,12Z)/18:0])",False,NA,0.0,NA
CL 70:4,CL 70:4,LMGP12010529,"CL(1'-[18:1(9Z)/18:1(9Z)],3'-[18:2(9Z,12Z)/16:0])",False,NA,0.0,NA
CL 70:4,CL 70:4,LMGP12010549,"CL(1'-[18:1(9Z)/18:2(9Z,12Z)],3'-[16:0/18:1(9Z)])",False,NA,0.0,NA
CL 70:4,CL 70:4,LMGP12010769,"CL(1'-[18:2(9Z,12Z)/18:2(9Z,12Z)],3'-[18:0/16:0])",False,NA,0.0,NA
CL 70:4,CL 70:4,LMGP12010694,"CL(1'-[18:2(9Z,12Z)/18:0],3'-[16:0/18:2(9Z,12Z)])",False,NA,0.0,NA
CL 70:4,CL 70:4,LMGP12010064,"CL(1'-[16:0/18:0],3'-[18:2(9Z,12Z)/18:2(9Z,12Z)])",False,NA,0.0,NA
CL 70:4,CL 70:4,LMGP12010664,"CL(1'-[18:2(9Z,12Z)/16:0],3'-[18:0/18:2(9Z,12Z)])",False,NA,0.0,NA
CL 70:4,CL 70:4,LMGP12010094,"CL(1'-[16:0/18:1(9Z)],3'-[18:1(9Z)/18:2(9Z,12Z)])",False,NA,0.0,NA
CL 70:4,CL 70:4,LMGP12011123,"CL(1'-[20:4(5Z,8Z,11Z,14Z)/18:0],3'-[16:0/16:0])",False,NA,0.0,NA
CL 70:4,CL 70:4,LMGP12010559,"CL(1'-[18:1(9Z)/18:2(9Z,12Z)],3'-[18:1(9Z)/16:0])",False,NA,0.0,NA
CL 70:4,CL 70:4,LMGP12010459,"CL(1'-[18:1(9Z)/16:0],3'-[18:2(9Z,12Z)/18:1(9Z)])",False,NA,0.0,NA
CL 70:4,CL 70:4,LMGP12010454,"CL(1'-[18:1(9Z)/16:0],3'-[18:1(9Z)/18:2(9Z,12Z)])",False,NA,0.0,NA
CL 70:4,CL 70:4,LMGP12010018,"CL(1'-[16:0/16:0],3'-[18:0/20:4(5Z,8Z,11Z,14Z)])",False,NA,0.0,NA
CL 70:4,CL 70:4,LMGP12010038,"CL(1'-[16:0/16:0],3'-[20:4(5Z,8Z,11Z,14Z)/18:0])",False,NA,0.0,NA
CL 70:4,CL 70:4,LMGP12010253,"CL(1'-[18:0/16:0],3'-[20:4(5Z,8Z,11Z,14Z)/16:0])",False,NA,0.0,NA
CL 70:4,CL 70:4,LMGP12011088,"CL(1'-[20:4(5Z,8Z,11Z,14Z)/16:0],3'-[16:0/18:0])",False,NA,0.0,NA
CL 70:4,CL 70:4,LMGP12010073,"CL(1'-[16:0/18:0],3'-[20:4(5Z,8Z,11Z,14Z)/16:0])",False,NA,0.0,NA
CL 70:4,CL 70:4,LMGP12010739,"CL(1'-[18:2(9Z,12Z)/18:1(9Z)],3'-[18:1(9Z)/16:0])",False,NA,0.0,NA
CL 70:4,CL 70:4,LMGP12010134,"CL(1'-[16:0/18:2(9Z,12Z)],3'-[18:2(9Z,12Z)/18:0])",False,NA,0.0,NA
CL 70:4,CL 70:4,LMGP12010193,"CL(1'-[16:0/20:4(5Z,8Z,11Z,14Z)],3'-[18:0/16:0])",False,NA,0.0,NA
CL 70:4,CL 70:4,LMGP12010124,"CL(1'-[16:0/18:2(9Z,12Z)],3'-[18:0/18:2(9Z,12Z)])",False,NA,0.0,NA
CL 70:4,CL 70:4,LMGP12010349,"CL(1'-[18:0/18:2(9Z,12Z)],3'-[18:2(9Z,12Z)/16:0])",False,NA,0.0,NA
CL 70:4,CL 70:4,LMGP12010244,"CL(1'-[18:0/16:0],3'-[18:2(9Z,12Z)/18:2(9Z,12Z)])",False,NA,0.0,NA
CL 70:4,CL 70:4,LMGP12010709,"CL(1'-[18:2(9Z,12Z)/18:0],3'-[18:2(9Z,12Z)/16:0])",False,NA,0.0,NA
CL 70:4,CL 70:4,LMGP12010764,"CL(1'-[18:2(9Z,12Z)/18:2(9Z,12Z)],3'-[16:0/18:0])",False,NA,0.0,NA
CL 70:4,CL 70:4,LMGP12011093,"CL(1'-[20:4(5Z,8Z,11Z,14Z)/16:0],3'-[18:0/16:0])",False,NA,0.0,NA
CL 70:4,CL 70:4,LMGP12010048,"CL(1'-[16:0/18:0],3'-[16:0/20:4(5Z,8Z,11Z,14Z)])",False,NA,0.0,NA
CL 70:4,CL 70:4,LMGP12010514,"CL(1'-[18:1(9Z)/18:1(9Z)],3'-[16:0/18:2(9Z,12Z)])",False,NA,0.0,NA
CL 70:5,CL 70:5,LMGP12010565,"CL(1'-[18:1(9Z)/18:2(9Z,12Z)],3'-[18:2(9Z,12Z)/16:0])",False,NA,0.0,NA
CL 70:5,CL 70:5,LMGP12010670,"CL(1'-[18:2(9Z,12Z)/16:0],3'-[18:1(9Z)/18:2(9Z,12Z)])",False,NA,0.0,NA
CL 70:5,CL 70:5,LMGP12011159,"CL(1'-[20:4(5Z,8Z,11Z,14Z)/18:1(9Z)],3'-[16:0/16:0])",False,NA,0.0,NA
CL 70:5,CL 70:5,LMGP12010775,"CL(1'-[18:2(9Z,12Z)/18:2(9Z,12Z)],3'-[18:1(9Z)/16:0])",False,NA,0.0,NA
CL 70:5,CL 70:5,LMGP12010135,"CL(1'-[16:0/18:2(9Z,12Z)],3'-[18:2(9Z,12Z)/18:1(9Z)])",False,NA,0.0,NA
CL 70:5,CL 70:5,LMGP12010024,"CL(1'-[16:0/16:0],3'-[18:1(9Z)/20:4(5Z,8Z,11Z,14Z)])",False,NA,0.0,NA
CL 70:5,CL 70:5,LMGP12010100,"CL(1'-[16:0/18:1(9Z)],3'-[18:2(9Z,12Z)/18:2(9Z,12Z)])",False,NA,0.0,NA
CL 70:5,CL 70:5,LMGP12010460,"CL(1'-[18:1(9Z)/16:0],3'-[18:2(9Z,12Z)/18:2(9Z,12Z)])",False,NA,0.0,NA
CL 70:5,CL 70:5,LMGP12010084,"CL(1'-[16:0/18:1(9Z)],3'-[16:0/20:4(5Z,8Z,11Z,14Z)])",False,NA,0.0,NA
CL 70:5,CL 70:5,LMGP12010199,"CL(1'-[16:0/20:4(5Z,8Z,11Z,14Z)],3'-[18:1(9Z)/16:0])",False,NA,0.0,NA
CL 70:5,CL 70:5,LMGP12011089,"CL(1'-[20:4(5Z,8Z,11Z,14Z)/16:0],3'-[16:0/18:1(9Z)])",False,NA,0.0,NA
CL 70:5,CL 70:5,LMGP12010130,"CL(1'-[16:0/18:2(9Z,12Z)],3'-[18:1(9Z)/18:2(9Z,12Z)])",False,NA,0.0,NA
CL 70:5,CL 70:5,LMGP12011099,"CL(1'-[20:4(5Z,8Z,11Z,14Z)/16:0],3'-[18:1(9Z)/16:0])",False,NA,0.0,NA
CL 70:5,CL 70:5,LMGP12010469,"CL(1'-[18:1(9Z)/16:0],3'-[20:4(5Z,8Z,11Z,14Z)/16:0])",False,NA,0.0,NA
CL 70:5,CL 70:5,LMGP12010745,"CL(1'-[18:2(9Z,12Z)/18:1(9Z)],3'-[18:2(9Z,12Z)/16:0])",False,NA,0.0,NA
CL 70:5,CL 70:5,LMGP12010675,"CL(1'-[18:2(9Z,12Z)/16:0],3'-[18:2(9Z,12Z)/18:1(9Z)])",False,NA,0.0,NA
CL 70:5,CL 70:5,LMGP12010444,"CL(1'-[18:1(9Z)/16:0],3'-[16:0/20:4(5Z,8Z,11Z,14Z)])",False,NA,0.0,NA
CL 70:5,CL 70:5,LMGP12010765,"CL(1'-[18:2(9Z,12Z)/18:2(9Z,12Z)],3'-[16:0/18:1(9Z)])",False,NA,0.0,NA
CL 70:5,CL 70:5,LMGP12010730,"CL(1'-[18:2(9Z,12Z)/18:1(9Z)],3'-[16:0/18:2(9Z,12Z)])",False,NA,0.0,NA
CL 70:5,CL 70:5,LMGP12010109,"CL(1'-[16:0/18:1(9Z)],3'-[20:4(5Z,8Z,11Z,14Z)/16:0])",False,NA,0.0,NA
CL 70:5,CL 70:5,LMGP12010550,"CL(1'-[18:1(9Z)/18:2(9Z,12Z)],3'-[16:0/18:2(9Z,12Z)])",False,NA,0.0,NA
CL 70:5,CL 70:5,LMGP12010189,"CL(1'-[16:0/20:4(5Z,8Z,11Z,14Z)],3'-[16:0/18:1(9Z)])",False,NA,0.0,NA
CL 70:5,CL 70:5,LMGP12010039,"CL(1'-[16:0/16:0],3'-[20:4(5Z,8Z,11Z,14Z)/18:1(9Z)])",False,NA,0.0,NA
CL 70:5,CL 70:5,LMGP12010619,"CL(1'-[18:1(9Z)/20:4(5Z,8Z,11Z,14Z)],3'-[16:0/16:0])",False,NA,0.0,NA
CL 70:6,CL 70:6,LMGP12010766,"CL(1'-[18:2(9Z,12Z)/18:2(9Z,12Z)],3'-[16:0/18:2(9Z,12Z)])",False,NA,0.0,NA
CL 70:6,CL 70:6,LMGP12010685,"CL(1'-[18:2(9Z,12Z)/16:0],3'-[20:4(5Z,8Z,11Z,14Z)/16:0])",False,NA,0.0,NA
CL 70:6,CL 70:6,LMGP12010120,"CL(1'-[16:0/18:2(9Z,12Z)],3'-[16:0/20:4(5Z,8Z,11Z,14Z)])",False,NA,0.0,NA
CL 70:6,CL 70:6,LMGP12010660,"CL(1'-[18:2(9Z,12Z)/16:0],3'-[16:0/20:4(5Z,8Z,11Z,14Z)])",False,NA,0.0,NA
CL 70:6,CL 70:6,LMGP12010205,"CL(1'-[16:0/20:4(5Z,8Z,11Z,14Z)],3'-[18:2(9Z,12Z)/16:0])",False,NA,0.0,NA
CL 70:6,CL 70:6,LMGP12010781,"CL(1'-[18:2(9Z,12Z)/18:2(9Z,12Z)],3'-[18:2(9Z,12Z)/16:0])",False,NA,0.0,NA
CL 70:6,CL 70:6,LMGP12011090,"CL(1'-[20:4(5Z,8Z,11Z,14Z)/16:0],3'-[16:0/18:2(9Z,12Z)])",False,NA,0.0,NA
CL 70:6,CL 70:6,LMGP12011195,"CL(1'-[20:4(5Z,8Z,11Z,14Z)/18:2(9Z,12Z)],3'-[16:0/16:0])",False,NA,0.0,NA
CL 70:6,CL 70:6,LMGP12010145,"CL(1'-[16:0/18:2(9Z,12Z)],3'-[20:4(5Z,8Z,11Z,14Z)/16:0])",False,NA,0.0,NA
CL 70:6,CL 70:6,LMGP12010190,"CL(1'-[16:0/20:4(5Z,8Z,11Z,14Z)],3'-[16:0/18:2(9Z,12Z)])",False,NA,0.0,NA
CL 70:6,CL 70:6,LMGP12010835,"CL(1'-[18:2(9Z,12Z)/20:4(5Z,8Z,11Z,14Z)],3'-[16:0/16:0])",False,NA,0.0,NA
CL 70:6,CL 70:6,LMGP12010136,"CL(1'-[16:0/18:2(9Z,12Z)],3'-[18:2(9Z,12Z)/18:2(9Z,12Z)])",False,NA,0.0,NA
CL 70:6,CL 70:6,LMGP12011105,"CL(1'-[20:4(5Z,8Z,11Z,14Z)/16:0],3'-[18:2(9Z,12Z)/16:0])",False,NA,0.0,NA
CL 70:6,CL 70:6,LMGP12010030,"CL(1'-[16:0/16:0],3'-[18:2(9Z,12Z)/20:4(5Z,8Z,11Z,14Z)])",False,NA,0.0,NA
CL 70:6,CL 70:6,LMGP12010676,"CL(1'-[18:2(9Z,12Z)/16:0],3'-[18:2(9Z,12Z)/18:2(9Z,12Z)])",False,NA,0.0,NA
CL 70:6,CL 70:6,LMGP12010040,"CL(1'-[16:0/16:0],3'-[20:4(5Z,8Z,11Z,14Z)/18:2(9Z,12Z)])",False,NA,0.0,NA
CL 72:5,CL 72:5,LMGP12010776,"CL(1'-[18:2(9Z,12Z)/18:2(9Z,12Z)],3'-[18:1(9Z)/18:0])",False,NA,0.0,NA
CL 72:5,CL 72:5,LMGP12010496,"CL(1'-[18:1(9Z)/18:0],3'-[18:2(9Z,12Z)/18:2(9Z,12Z)])",False,NA,0.0,NA
CL 72:5,CL 72:5,LMGP12010405,"CL(1'-[18:0/20:4(5Z,8Z,11Z,14Z)],3'-[16:0/18:1(9Z)])",False,NA,0.0,NA
CL 72:5,CL 72:5,LMGP12010090,"CL(1'-[16:0/18:1(9Z)],3'-[18:0/20:4(5Z,8Z,11Z,14Z)])",False,NA,0.0,NA
CL 72:5,CL 72:5,LMGP12010566,"CL(1'-[18:1(9Z)/18:2(9Z,12Z)],3'-[18:2(9Z,12Z)/18:0])",False,NA,0.0,NA
CL 72:5,CL 72:5,LMGP12010075,"CL(1'-[16:0/18:0],3'-[20:4(5Z,8Z,11Z,14Z)/18:1(9Z)])",False,NA,0.0,NA
CL 72:5,CL 72:5,LMGP12010110,"CL(1'-[16:0/18:1(9Z)],3'-[20:4(5Z,8Z,11Z,14Z)/18:0])",False,NA,0.0,NA
CL 72:5,CL 72:5,LMGP12010240,"CL(1'-[18:0/16:0],3'-[18:1(9Z)/20:4(5Z,8Z,11Z,14Z)])",False,NA,0.0,NA
CL 72:5,CL 72:5,LMGP12010316,"CL(1'-[18:0/18:1(9Z)],3'-[18:2(9Z,12Z)/18:2(9Z,12Z)])",False,NA,0.0,NA
CL 72:5,CL 72:5,LMGP12010255,"CL(1'-[18:0/16:0],3'-[20:4(5Z,8Z,11Z,14Z)/18:1(9Z)])",False,NA,0.0,NA
CL 72:5,CL 72:5,LMGP12010325,"CL(1'-[18:0/18:1(9Z)],3'-[20:4(5Z,8Z,11Z,14Z)/16:0])",False,NA,0.0,NA
CL 72:5,CL 72:5,LMGP12010480,"CL(1'-[18:1(9Z)/18:0],3'-[16:0/20:4(5Z,8Z,11Z,14Z)])",False,NA,0.0,NA
CL 72:5,CL 72:5,LMGP12010741,"CL(1'-[18:2(9Z,12Z)/18:1(9Z)],3'-[18:1(9Z)/18:1(9Z)])",False,NA,0.0,NA
CL 72:5,CL 72:5,LMGP12010625,"CL(1'-[18:1(9Z)/20:4(5Z,8Z,11Z,14Z)],3'-[18:0/16:0])",False,NA,0.0,NA
CL 72:5,CL 72:5,LMGP12011165,"CL(1'-[20:4(5Z,8Z,11Z,14Z)/18:1(9Z)],3'-[18:0/16:0])",False,NA,0.0,NA
CL 72:5,CL 72:5,LMGP12010746,"CL(1'-[18:2(9Z,12Z)/18:1(9Z)],3'-[18:2(9Z,12Z)/18:0])",False,NA,0.0,NA
CL 72:5,CL 72:5,LMGP12010531,"CL(1'-[18:1(9Z)/18:1(9Z)],3'-[18:2(9Z,12Z)/18:1(9Z)])",False,NA,0.0,NA
CL 72:5,CL 72:5,LMGP12010526,"CL(1'-[18:1(9Z)/18:1(9Z)],3'-[18:1(9Z)/18:2(9Z,12Z)])",False,NA,0.0,NA
CL 72:5,CL 72:5,LMGP12010060,"CL(1'-[16:0/18:0],3'-[18:1(9Z)/20:4(5Z,8Z,11Z,14Z)])",False,NA,0.0,NA
CL 72:5,CL 72:5,LMGP12010706,"CL(1'-[18:2(9Z,12Z)/18:0],3'-[18:1(9Z)/18:2(9Z,12Z)])",False,NA,0.0,NA
CL 72:5,CL 72:5,LMGP12011095,"CL(1'-[20:4(5Z,8Z,11Z,14Z)/16:0],3'-[18:0/18:1(9Z)])",False,NA,0.0,NA
CL 72:5,CL 72:5,LMGP12011100,"CL(1'-[20:4(5Z,8Z,11Z,14Z)/16:0],3'-[18:1(9Z)/18:0])",False,NA,0.0,NA
CL 72:5,CL 72:5,LMGP12010300,"CL(1'-[18:0/18:1(9Z)],3'-[16:0/20:4(5Z,8Z,11Z,14Z)])",False,NA,0.0,NA
CL 72:5,CL 72:5,LMGP12010771,"CL(1'-[18:2(9Z,12Z)/18:2(9Z,12Z)],3'-[18:0/18:1(9Z)])",False,NA,0.0,NA
CL 72:5,CL 72:5,LMGP12010195,"CL(1'-[16:0/20:4(5Z,8Z,11Z,14Z)],3'-[18:0/18:1(9Z)])",False,NA,0.0,NA
CL 72:5,CL 72:5,LMGP12010505,"CL(1'-[18:1(9Z)/18:0],3'-[20:4(5Z,8Z,11Z,14Z)/16:0])",False,NA,0.0,NA
CL 72:5,CL 72:5,LMGP12011125,"CL(1'-[20:4(5Z,8Z,11Z,14Z)/18:0],3'-[16:0/18:1(9Z)])",False,NA,0.0,NA
CL 72:5,CL 72:5,LMGP12011135,"CL(1'-[20:4(5Z,8Z,11Z,14Z)/18:0],3'-[18:1(9Z)/16:0])",False,NA,0.0,NA
CL 72:5,CL 72:5,LMGP12010351,"CL(1'-[18:0/18:2(9Z,12Z)],3'-[18:2(9Z,12Z)/18:1(9Z)])",False,NA,0.0,NA
CL 72:5,CL 72:5,LMGP12010450,"CL(1'-[18:1(9Z)/16:0],3'-[18:0/20:4(5Z,8Z,11Z,14Z)])",False,NA,0.0,NA
CL 72:5,CL 72:5,LMGP12010556,"CL(1'-[18:1(9Z)/18:2(9Z,12Z)],3'-[18:0/18:2(9Z,12Z)])",False,NA,0.0,NA
CL 72:5,CL 72:5,LMGP12010415,"CL(1'-[18:0/20:4(5Z,8Z,11Z,14Z)],3'-[18:1(9Z)/16:0])",False,NA,0.0,NA
CL 72:5,CL 72:5,LMGP12010711,"CL(1'-[18:2(9Z,12Z)/18:0],3'-[18:2(9Z,12Z)/18:1(9Z)])",False,NA,0.0,NA
CL 72:5,CL 72:5,LMGP12010346,"CL(1'-[18:0/18:2(9Z,12Z)],3'-[18:1(9Z)/18:2(9Z,12Z)])",False,NA,0.0,NA
CL 72:5,CL 72:5,LMGP12010561,"CL(1'-[18:1(9Z)/18:2(9Z,12Z)],3'-[18:1(9Z)/18:1(9Z)])",False,NA,0.0,NA
CL 72:5,CL 72:5,LMGP12010200,"CL(1'-[16:0/20:4(5Z,8Z,11Z,14Z)],3'-[18:1(9Z)/18:0])",False,NA,0.0,NA
CL 72:5,CL 72:5,LMGP12011160,"CL(1'-[20:4(5Z,8Z,11Z,14Z)/18:1(9Z)],3'-[16:0/18:0])",False,NA,0.0,NA
CL 72:5,CL 72:5,LMGP12010736,"CL(1'-[18:2(9Z,12Z)/18:1(9Z)],3'-[18:0/18:2(9Z,12Z)])",False,NA,0.0,NA
CL 72:5,CL 72:5,LMGP12010470,"CL(1'-[18:1(9Z)/16:0],3'-[20:4(5Z,8Z,11Z,14Z)/18:0])",False,NA,0.0,NA
CL 72:5,CL 72:5,LMGP12010620,"CL(1'-[18:1(9Z)/20:4(5Z,8Z,11Z,14Z)],3'-[16:0/18:0])",False,NA,0.0,NA
diHexCer 34:1;2,Hex2Cer 34:1;O2,LMSP0509AA01,NA,True,NA,0.0,NA
diHexCer 34:1;2,Hex2Cer 34:1;O2,LMSP0501AB03,LacCer(d18:1/16:0),True,NA,0.0,NA
diHexCer 34:1;2,Hex2Cer 34:1;O2,LMSP0501AD01,NA,True,NA,0.0,NA
diHexCer 40:1;2,Hex2Cer 40:1;O2,LMSP0509AA04,NA,True,NA,0.0,NA
diHexCer 40:1;2,Hex2Cer 40:1;O2,LMSP0501AD04,NA,True,NA,0.0,NA
diHexCer 40:1;2,Hex2Cer 40:1;O2,LMSP0501AB06,LacCer(d18:1/22:0),True,NA,0.0,NA
diHexCer 42:1;2,Hex2Cer 42:1;O2,LMSP0501AB21,LacCer(d18:0/24:1),True,NA,0.0,NA
diHexCer 42:1;2,Hex2Cer 42:1;O2,LMSP0509AA05,NA,True,NA,0.0,NA
diHexCer 42:1;2,Hex2Cer 42:1;O2,LMSP0501AD05,NA,True,NA,0.0,NA
diHexCer 42:1;2,Hex2Cer 42:1;O2,LMSP0501AB07,LacCer(d18:1/24:0),True,NA,0.0,NA
diHexCer 42:2;2,Hex2Cer 42:2;O2,LMSP0501AD07,NA,True,NA,0.0,NA
diHexCer 42:2;2,Hex2Cer 42:2;O2,LMSP0501AB09,LacCer(d18:1/24:1(15Z)),True,NA,0.0,NA
diHexCer 42:2;2,Hex2Cer 42:2;O2,LMSP0509AA07,NA,True,NA,0.0,NA
diHexCer 42:3;2,NA,NA,NA,False,NA,0.0,NA
GM2 34:1;2,Hex(2)-HexNAc-NeuAc-Cer 34:1;O2,LMSP0601AM01,GM2(d18:1/16:0),True,NA,0.0,NA
GM2 34:1;2,Hex(2)-HexNAc-NeuAc-Cer 34:1;O2,LMSP0601EK01,NA,True,NA,0.0,NA
GM3 34:0;2,NA,NA,NA,False,NA,0.0336590200864919,NA
GM3 42:2;2,NeuAcHex2Cer 42:2;O2,LMSP0601AJ07,GM3(d18:1/24:1(15Z)),True,NA,0.0,NA
HexCer 34:3;2,HexCer 34:3;O3,LMSP05010095,Chrysogeside C,True,NA,0.0,NA
HexCer 34:3;2,HexCer 34:3;O3,LMSP05010096,Chrysogeside A,True,NA,0.0,NA
HexCer 36:0;2,HexCer 36:0;O2,LMSP0501AA19,GlcCer(d18:0/18:0),True,NA,0.0,NA
HexCer 36:1;2,HexCer 36:1;O2,LMSP0501AC02,GalCer(d18:1/18:0),True,NA,0.0,NA
HexCer 36:1;2,HexCer 36:1;O2,LMSP0501AA50,GlcCer(d16:1/20:0),True,NA,0.0,NA
HexCer 36:1;2,HexCer 36:1;O2,LMSP0501AA05,GlcCer(d18:1/18:0),True,NA,0.0,NA
HexCer 36:1;2,HexCer 36:1;O2,LMSP0501AA29,GlcCer(d18:0/18:1(9Z)),True,NA,0.0,NA
HexCer 36:1;2,HexCer 36:1;O2,LMSP0501AA43,GlcCer(d14:1/22:0),True,NA,0.0,NA
LPA 18:2,LPA 18:2,LMGP10050017,"PA(18:2(9Z,12Z)/0:0)",False,NA,0.0,NA
LPA 18:2,LPA 18:2,LMGP10050044,"PA(0:0/18:2(9Z,12Z))",False,NA,0.0,NA
LPC 18:0,LPC 18:0,LMGP01050026,PC(18:0/0:0),False,NA,0.0,NA
LPC 18:0,LPC 18:0,LMGP01050076,PC(0:0/18:0),False,NA,0.0,NA
LPC 20:1,LPC 20:1,LMGP01050131,PC(20:1(11Z)/0:0),False,NA,0.0,NA
LPC 20:1,LPC 20:1,LMGP01050146,PC(20:1(13Z)/0:0),False,NA,0.0,NA
LPC 20:1,LPC 20:1,LMGP01050047,PC(20:1(9Z)/0:0),False,NA,0.0,NA
LPC 20:3,LPC 20:3,LMGP01050133,"PC(20:3(8Z,11Z,14Z)/0:0)",False,NA,0.0,NA
LPC 20:3,LPC 20:3,LMGP01050139,"PC(20:3(5Z,8Z,11Z)/0:0)",False,NA,0.0,NA
LPCO- 18:3,NA,NA,NA,False,NA,0.0,NA
LPCO- 20:0,LPC O-20:0,LMGP01060041,PC(O-20:0/0:0),True,NA,0.0,NA
LPCO- 20:2,NA,NA,NA,False,NA,0.0,NA
LPCO- 22:2,NA,NA,NA,False,NA,0.0,NA
LPCO- 22:5,NA,NA,NA,False,NA,0.0,NA
LPCO- 22:6,NA,NA,NA,False,NA,0.0,NA
LPE 20:0,LPE 20:0,LMGP02050045,PE(0:0/20:0),False,NA,0.0,NA
LPE 20:0,LPE 20:0,LMGP02050012,PE(20:0/0:0),False,NA,0.0,NA
LPE 22:0,LPE 22:0,LMGP02050025,PE(22:0/0:0),False,NA,0.0,NA
LPE 22:0,LPE 22:0,LMGP02050054,PE(0:0/22:0),False,NA,0.0,NA
LPE 22:1,LPE 22:1,LMGP02050068,PE(22:1(13Z)/0:0),False,NA,0.0,NA
LPE 22:1,LPE 22:1,LMGP02050055,PE(0:0/22:1(13Z)),False,NA,0.0,NA
LPE 22:1,LPE 22:1,LMGP02050023,PE(22:1(11Z)/0:0),False,NA,0.0,NA
LPEO- 16:0,LPE O-16:0,LMGP02060002,PE(O-16:0/0:0),True,NA,0.0,NA
LPEO- 18:0,LPE O-18:0,LMGP02060003,PE(O-18:0/0:0),True,NA,0.0,NA
LPEO- 18:1,LPE O-18:1,LMGP02060004,PE(O-18:1(9Z)/0:0),True,NA,0.0,NA
LPEO- 18:1,LPE O-18:1,LMGP02070002,PE(P-18:0/0:0),True,NA,0.0,NA
LPEO- 20:2,NA,NA,NA,False,NA,0.0,NA
LPEO- 22:1,NA,NA,NA,False,NA,0.0,NA
LPEO- 22:2,NA,NA,NA,False,NA,0.0,NA
LPEO- 22:6,NA,NA,NA,False,NA,0.0002342776589384,NA
LPG 16:1,LPG 16:1,LMGP04050013,PG(16:1(9Z)/0:0),False,NA,0.0,NA
LPG 18:0,LPG 18:0,LMGP04050009,PG(18:0/0:0),False,NA,0.0,NA
LPG 18:1,LPG 18:1,LMGP04050006,PG(18:1(9Z)/0:0),False,NA,0.0,NA
LPG 18:2,LPG 18:2,LMGP04050014,"PG(18:2(9Z,12Z)/0:0)",False,NA,0.0,NA
LPG 20:1,LPG 20:1,LMGP04050023,PG(20:1(11Z)/0:0),False,NA,0.0,NA
LPG 22:6,LPG 22:6,LMGP04050016,"PG(22:6(4Z,7Z,10Z,13Z,16Z,19Z)/0:0)",False,NA,0.0,NA
LPI 20:1,LPI 20:1,LMGP06050019,PI(20:1(11Z)/0:0),False,NA,0.0,NA
LPI 20:2,LPI 20:2,LMGP06050020,"PI(20:2(11Z,14Z)/0:0)",False,NA,0.0,NA
LPI 20:3,LPI 20:3,LMGP06050021,"PI(20:3(8Z,11Z,14Z)/0:0)",False,NA,0.0,NA
PA 38:2,PA 38:2,LMGP10010567,"PA(20:2(11Z,14Z)/18:0)",False,NA,0.0,NA
PA 38:2,PA 38:2,LMGP10010761,"PA(22:2(13Z,16Z)/16:0)",False,NA,0.0,NA
PA 38:2,PA 38:2,LMGP10010354,"PA(18:2(9Z,12Z)/20:0)",False,NA,0.0,NA
PA 38:2,PA 38:2,LMGP10010952,"PA(20:0/18:2(9Z,12Z))",False,NA,0.0,NA
PA 38:2,PA 38:2,LMGP10010300,"PA(17:2(9Z,12Z)/21:0)",False,NA,0.0,NA
PA 38:2,PA 38:2,LMGP10010221,PA(16:1(9Z)/22:1(11Z)),False,NA,0.0,NA
PA 38:2,PA 38:2,LMGP10010965,"PA(18:0/20:2(11Z,14Z))",False,NA,0.0,NA
PA 38:2,PA 38:2,LMGP10010731,PA(22:1(11Z)/16:1(9Z)),False,NA,0.0,NA
PA 38:2,PA 38:2,LMGP10010496,PA(19:1(9Z)/19:1(9Z)),False,NA,0.0,NA
PA 38:2,PA 38:2,LMGP10010959,PA(18:1(9Z)/20:1(11Z)),False,NA,0.0,NA
PA 38:2,PA 38:2,LMGP10010683,"PA(21:0/17:2(9Z,12Z))",False,NA,0.0,NA
PA 38:2,PA 38:2,LMGP10010538,PA(20:1(11Z)/18:1(9Z)),False,NA,0.0,NA
PA 38:2,PA 38:2,LMGP10010198,"PA(16:0/22:2(13Z,16Z))",False,NA,0.0,NA
PC 38:8,PC 38:8,LMGP01011664,"PC(18:3(6Z,9Z,12Z)/20:5(5Z,8Z,11Z,14Z,17Z))",False,NA,0.0,NA
PC 38:8,PC 38:8,LMGP01011912,"PC(20:4(5Z,8Z,11Z,14Z)/18:4(6Z,9Z,12Z,15Z))",False,NA,0.0,NA
PC 38:8,PC 38:8,LMGP01011940,"PC(20:5(5Z,8Z,11Z,14Z,17Z)/18:3(9Z,12Z,15Z))",False,NA,0.0,NA
PC 38:8,PC 38:8,LMGP01011723,"PC(18:4(6Z,9Z,12Z,15Z)/20:4(5Z,8Z,11Z,14Z))",False,NA,0.0,NA
PC 38:8,PC 38:8,LMGP01011693,"PC(18:3(9Z,12Z,15Z)/20:5(5Z,8Z,11Z,14Z,17Z))",False,NA,0.0,NA
PC 38:8,PC 38:8,LMGP01011939,"PC(20:5(5Z,8Z,11Z,14Z,17Z)/18:3(6Z,9Z,12Z))",False,NA,0.0,NA
PC 42:6,PC 42:6,LMGP01012028,"PC(22:1(11Z)/20:5(5Z,8Z,11Z,14Z,17Z))",False,NA,0.0,NA
PC 42:6,PC 42:6,LMGP01011923,"PC(20:4(5Z,8Z,11Z,14Z)/22:2(13Z,16Z))",False,NA,0.0,NA
PC 42:6,PC 42:6,LMGP01012115,"PC(22:6(4Z,7Z,10Z,13Z,16Z,19Z)/20:0)",False,NA,0.0,NA
PC 42:6,PC 42:6,LMGP01012087,"PC(22:4(7Z,10Z,13Z,16Z)/20:2(11Z,14Z))",False,NA,0.0,NA
PC 42:6,PC 42:6,LMGP01011028,"PC(20:0/22:6(4Z,7Z,10Z,13Z,16Z,19Z))",False,NA,0.0,NA
PC 42:6,PC 42:6,LMGP01011952,"PC(20:5(5Z,8Z,11Z,14Z,17Z)/22:1(11Z))",False,NA,0.0,NA
PC 42:6,PC 42:6,LMGP01012058,"PC(22:2(13Z,16Z)/20:4(5Z,8Z,11Z,14Z))",False,NA,0.0,NA
PC 42:6,PC 42:6,LMGP01011864,"PC(20:2(11Z,14Z)/22:4(7Z,10Z,13Z,16Z))",False,NA,0.0,NA
PC 44:1,PC 44:1,LMGP01011102,PC(22:0/22:1(13Z)),False,NA,0.0,NA
PC 44:1,PC 44:1,LMGP01011155,PC(24:0/20:1(11Z)),False,NA,0.0,NA
PC 44:1,PC 44:1,LMGP01012030,PC(22:1(11Z)/22:0),False,NA,0.0,NA
PC 44:1,PC 44:1,LMGP01011032,PC(20:0/24:1(15Z)),False,NA,0.0,NA
PC 44:1,PC 44:1,LMGP01012000,PC(22:0/22:1(11Z)),False,NA,0.0,NA
PCO- 34:0,PC O-34:0,LMGP01020033,PC(O-16:0/18:0),True,NA,0.0,NA
PCO- 34:0,PC O-34:0,LMGP01020086,PC(O-18:0/16:0),True,NA,0.0,NA
PCO- 34:0,PC O-34:0,LMGP01020076,PC(O-17:0/17:0),True,NA,0.0,NA
PCO- 34:0,PC O-34:0,LMGP01020218,PC(O-20:0/14:0),True,NA,0.0,NA
PCO- 36:0,PC O-36:0,LMGP01020122,PC(O-20:0/16:0),True,NA,0.0,NA
PCO- 36:0,PC O-36:0,LMGP01020091,PC(O-18:0/18:0),True,NA,0.0,NA
PCO- 36:0,PC O-36:0,LMGP01020023,PC(O-14:0/22:0),True,NA,0.0,NA
PCO- 36:0,PC O-36:0,LMGP01020051,PC(O-16:0/20:0),True,NA,0.0,NA
PCO- 36:6,NA,NA,NA,False,NA,0.0,NA
PCO- 40:4,NA,NA,NA,False,NA,0.0,NA
PCO- 40:8,PC O-40:8,LMGP01080004,NA,True,NA,0.0049121732933516,NA
PCO- 42:1,NA,NA,NA,False,NA,0.0,NA
PCO- 42:5,NA,NA,NA,False,NA,0.0,NA
PCO- 42:7,NA,NA,NA,False,NA,0.0,NA
PE 40:5,PE 40:5,LMGP02010952,"PE(20:4(5Z,8Z,11Z,14Z)/20:1(11Z))",False,NA,0.0,NA
PE 40:5,PE 40:5,LMGP02010893,"PE(20:2(11Z,14Z)/20:3(8Z,11Z,14Z))",False,NA,0.0,NA
PE 40:5,PE 40:5,LMGP02011114,"PE(22:4(7Z,10Z,13Z,16Z)/18:1(9Z))",False,NA,0.0,NA
PE 40:5,PE 40:5,LMGP02010652,"PE(18:1(9Z)/22:4(7Z,10Z,13Z,16Z))",False,NA,0.0,NA
PE 40:5,PE 40:5,LMGP02010923,"PE(20:3(8Z,11Z,14Z)/20:2(11Z,14Z))",False,NA,0.0,NA
PE 40:5,PE 40:5,LMGP02010765,"PE(18:4(6Z,9Z,12Z,15Z)/22:1(11Z))",False,NA,0.0,NA
PE 40:5,PE 40:5,LMGP02011056,"PE(22:1(11Z)/18:4(6Z,9Z,12Z,15Z))",False,NA,0.0,NA
PE 40:5,PE 40:5,LMGP02010980,"PE(20:5(5Z,8Z,11Z,14Z,17Z)/20:0)",False,NA,0.0,NA
PE 40:5,PE 40:5,LMGP02010735,"PE(18:3(9Z,12Z,15Z)/22:2(13Z,16Z))",False,NA,0.0,NA
PE 40:5,PE 40:5,LMGP02011085,"PE(22:2(13Z,16Z)/18:3(6Z,9Z,12Z))",False,NA,0.0,NA
PE 40:5,PE 40:5,LMGP02010863,"PE(20:1(11Z)/20:4(5Z,8Z,11Z,14Z))",False,NA,0.0,NA
PE 40:5,PE 40:5,LMGP02010707,"PE(18:3(6Z,9Z,12Z)/22:2(13Z,16Z))",False,NA,0.0,NA
PE 40:5,PE 40:5,LMGP02010836,"PE(20:0/20:5(5Z,8Z,11Z,14Z,17Z))",False,NA,0.0,NA
PE 40:5,PE 40:5,LMGP02011086,"PE(22:2(13Z,16Z)/18:3(9Z,12Z,15Z))",False,NA,0.0,NA
PE 42:1,PE 42:1,LMGP02010866,PE(20:1(11Z)/22:0),False,NA,0.0,NA
PE 42:1,PE 42:1,LMGP02010287,PE(20:0/22:1(13Z)),False,NA,0.0,NA
PE 42:1,PE 42:1,LMGP02010294,PE(24:0/18:1(9Z)),False,NA,0.0,NA
PE 42:1,PE 42:1,LMGP02010293,PE(18:0/24:1(15Z)),False,NA,0.0,NA
PE 42:1,PE 42:1,LMGP02010290,PE(22:0/20:1(11Z)),False,NA,0.0,NA
PE 42:1,PE 42:1,LMGP02010838,PE(20:0/22:1(11Z)),False,NA,0.0,NA
PE 42:1,PE 42:1,LMGP02011059,PE(22:1(11Z)/20:0),False,NA,0.0,NA
PEO- 36:4,PE O-36:4,LMGP02020019,"PE(O-16:0/20:4(5Z,8Z,11Z,14Z))",True,NA,0.0,NA
PEO- 36:4,PE O-36:4,LMGP02020051,"PE(O-18:0/18:4(6Z,9Z,12Z,15Z))",True,NA,0.0,NA
PEO- 36:4,PE O-36:4,LMGP02030047,"PE(P-18:0/18:3(6Z,9Z,12Z))",True,NA,0.0,NA
PEO- 36:4,PE O-36:4,LMGP02030048,"PE(P-18:0/18:3(9Z,12Z,15Z))",True,NA,0.0,NA
PEO- 36:4,PE O-36:4,LMGP02030027,"PE(P-16:0/20:3(8Z,11Z,14Z))",True,NA,0.0,NA
PG 36:3,PG 36:3,LMGP04010295,"PG(17:2(9Z,12Z)/19:1(9Z))",False,NA,0.0,NA
PG 36:3,PG 36:3,LMGP04010316,"PG(18:0/18:3(9Z,12Z,15Z))",False,NA,0.0,NA
PG 36:3,PG 36:3,LMGP04010759,"PG(22:2(13Z,16Z)/14:1(9Z))",False,NA,0.0,NA
PG 36:3,PG 36:3,LMGP04010136,"PG(14:1(9Z)/22:2(13Z,16Z))",False,NA,0.0,NA
PG 36:3,PG 36:3,LMGP04010595,"PG(20:3(8Z,11Z,14Z)/16:0)",False,NA,0.0,NA
PG 36:3,PG 36:3,LMGP04010904,"PG(16:0/20:3(8Z,11Z,14Z))",False,NA,0.0,NA
PG 36:3,PG 36:3,LMGP04010218,"PG(16:1(9Z)/20:2(11Z,14Z))",False,NA,0.0,NA
PG 36:3,PG 36:3,LMGP04010377,"PG(18:3(6Z,9Z,12Z)/18:0)",False,NA,0.0,NA
PG 36:3,PG 36:3,LMGP04010960,"PG(18:1(9Z)/18:2(9Z,12Z))",False,NA,0.0,NA
PG 36:3,PG 36:3,LMGP04010315,"PG(18:0/18:3(6Z,9Z,12Z))",False,NA,0.0,NA
PG 36:3,PG 36:3,LMGP04010565,"PG(20:2(11Z,14Z)/16:1(9Z))",False,NA,0.0,NA
PG 36:3,PG 36:3,LMGP04010350,"PG(18:2(9Z,12Z)/18:1(9Z))",False,NA,0.0,NA
PG 36:3,PG 36:3,LMGP04010407,"PG(18:3(9Z,12Z,15Z)/18:0)",False,NA,0.0,NA
PG 36:3,PG 36:3,LMGP04010490,"PG(19:1(9Z)/17:2(9Z,12Z))",False,NA,0.0,NA
PG 38:2,PG 38:2,LMGP04010963,"PG(18:0/20:2(11Z,14Z))",False,NA,0.0,NA
PG 38:2,PG 38:2,LMGP04010200,"PG(16:0/22:2(13Z,16Z))",False,NA,0.0,NA
PG 38:2,PG 38:2,LMGP04010302,"PG(17:2(9Z,12Z)/21:0)",False,NA,0.0,NA
PG 38:2,PG 38:2,LMGP04010540,PG(20:1(11Z)/18:1(9Z)),False,NA,0.0,NA
PG 38:2,PG 38:2,LMGP04010684,"PG(21:0/17:2(9Z,12Z))",False,NA,0.0,NA
PG 38:2,PG 38:2,LMGP04010732,PG(22:1(11Z)/16:1(9Z)),False,NA,0.0,NA
PG 38:2,PG 38:2,LMGP04010498,PG(19:1(9Z)/19:1(9Z)),False,NA,0.0,NA
PG 38:2,PG 38:2,LMGP04010958,PG(18:1(9Z)/20:1(11Z)),False,NA,0.0,NA
PG 38:2,PG 38:2,LMGP04010223,PG(16:1(9Z)/22:1(11Z)),False,NA,0.0,NA
PG 38:2,PG 38:2,LMGP04010951,"PG(20:0/18:2(9Z,12Z))",False,NA,0.0,NA
PG 38:2,PG 38:2,LMGP04010569,"PG(20:2(11Z,14Z)/18:0)",False,NA,0.0,NA
PG 38:2,PG 38:2,LMGP04010762,"PG(22:2(13Z,16Z)/16:0)",False,NA,0.0,NA
PG 38:2,PG 38:2,LMGP04010356,"PG(18:2(9Z,12Z)/20:0)",False,NA,0.0,NA
PG 38:3,PG 38:3,LMGP04010541,"PG(20:1(11Z)/18:2(9Z,12Z))",False,NA,0.0,NA
PG 38:3,PG 38:3,LMGP04010224,"PG(16:1(9Z)/22:2(13Z,16Z))",False,NA,0.0,NA
PG 38:3,PG 38:3,LMGP04010885,"PG(18:0/20:3(8Z,11Z,14Z))",False,NA,0.0,NA
PG 38:3,PG 38:3,LMGP04010763,"PG(22:2(13Z,16Z)/16:1(9Z))",False,NA,0.0,NA
PG 38:3,PG 38:3,LMGP04010334,"PG(18:1(9Z)/20:2(11Z,14Z))",False,NA,0.0,NA
PG 38:3,PG 38:3,LMGP04010357,"PG(18:2(9Z,12Z)/20:1(11Z))",False,NA,0.0,NA
PG 38:3,PG 38:3,LMGP04010385,"PG(18:3(6Z,9Z,12Z)/20:0)",False,NA,0.0,NA
PG 38:3,PG 38:3,LMGP04010519,"PG(20:0/18:3(9Z,12Z,15Z))",False,NA,0.0,NA
PG 38:3,PG 38:3,LMGP04010570,"PG(20:2(11Z,14Z)/18:1(9Z))",False,NA,0.0,NA
PG 38:3,PG 38:3,LMGP04010413,"PG(18:3(9Z,12Z,15Z)/20:0)",False,NA,0.0,NA
PG 38:3,PG 38:3,LMGP04010518,"PG(20:0/18:3(6Z,9Z,12Z))",False,NA,0.0,NA
PG 38:3,PG 38:3,LMGP04010600,"PG(20:3(8Z,11Z,14Z)/18:0)",False,NA,0.0,NA
PG 38:5,PG 38:5,LMGP04010225,"PG(16:1(9Z)/22:4(7Z,10Z,13Z,16Z))",False,NA,0.0,NA
PG 38:5,PG 38:5,LMGP04010794,"PG(22:4(7Z,10Z,13Z,16Z)/16:1(9Z))",False,NA,0.0,NA
PG 38:5,PG 38:5,LMGP04010387,"PG(18:3(6Z,9Z,12Z)/20:2(11Z,14Z))",False,NA,0.0,NA
PG 38:5,PG 38:5,LMGP04010631,"PG(20:4(5Z,8Z,11Z,14Z)/18:1(9Z))",False,NA,0.0,NA
PG 38:5,PG 38:5,LMGP04010879,"PG(18:1(9Z)/20:4(5Z,8Z,11Z,14Z))",False,NA,0.0,NA
PG 38:5,PG 38:5,LMGP04010602,"PG(20:3(8Z,11Z,14Z)/18:2(9Z,12Z))",False,NA,0.0,NA
PG 38:5,PG 38:5,LMGP04010659,"PG(20:5(5Z,8Z,11Z,14Z,17Z)/18:0)",False,NA,0.0,NA
PG 38:5,PG 38:5,LMGP04010884,"PG(18:0/20:5(5Z,8Z,11Z,14Z,17Z))",False,NA,0.0,NA
PG 38:5,PG 38:5,LMGP04010415,"PG(18:3(9Z,12Z,15Z)/20:2(11Z,14Z))",False,NA,0.0,NA
PG 38:5,PG 38:5,LMGP04010359,"PG(18:2(9Z,12Z)/20:3(8Z,11Z,14Z))",False,NA,0.0,NA
PG 38:5,PG 38:5,LMGP04010572,"PG(20:2(11Z,14Z)/18:3(6Z,9Z,12Z))",False,NA,0.0,NA
PG 38:5,PG 38:5,LMGP04010573,"PG(20:2(11Z,14Z)/18:3(9Z,12Z,15Z))",False,NA,0.0,NA
PG 38:5,PG 38:5,LMGP04010445,"PG(18:4(6Z,9Z,12Z,15Z)/20:1(11Z))",False,NA,0.0,NA
PG 38:5,PG 38:5,LMGP04010544,"PG(20:1(11Z)/18:4(6Z,9Z,12Z,15Z))",False,NA,0.0,NA
PG 38:7,PG 38:7,LMGP04010660,"PG(20:5(5Z,8Z,11Z,14Z,17Z)/18:2(9Z,12Z))",False,NA,0.0,NA
PG 38:7,PG 38:7,LMGP04010634,"PG(20:4(5Z,8Z,11Z,14Z)/18:3(9Z,12Z,15Z))",False,NA,0.0,NA
PG 38:7,PG 38:7,LMGP04010633,"PG(20:4(5Z,8Z,11Z,14Z)/18:3(6Z,9Z,12Z))",False,NA,0.0,NA
PG 38:7,PG 38:7,LMGP04010605,"PG(20:3(8Z,11Z,14Z)/18:4(6Z,9Z,12Z,15Z))",False,NA,0.0,NA
PG 38:7,PG 38:7,LMGP04010447,"PG(18:4(6Z,9Z,12Z,15Z)/20:3(8Z,11Z,14Z))",False,NA,0.0,NA
PG 38:7,PG 38:7,LMGP04010389,"PG(18:3(6Z,9Z,12Z)/20:4(5Z,8Z,11Z,14Z))",False,NA,0.0,NA
PG 38:7,PG 38:7,LMGP04010898,"PG(16:1(9Z)/22:6(4Z,7Z,10Z,13Z,16Z,19Z))",False,NA,0.0,NA
PG 38:7,PG 38:7,LMGP04010360,"PG(18:2(9Z,12Z)/20:5(5Z,8Z,11Z,14Z,17Z))",False,NA,0.0,NA
PG 38:7,PG 38:7,LMGP04010417,"PG(18:3(9Z,12Z,15Z)/20:4(5Z,8Z,11Z,14Z))",False,NA,0.0,NA
PG 38:7,PG 38:7,LMGP04010823,"PG(22:6(4Z,7Z,10Z,13Z,16Z,19Z)/16:1(9Z))",False,NA,0.0,NA
PG 42:9,PG 42:9,LMGP04010811,"PG(22:4(7Z,10Z,13Z,16Z)/20:5(5Z,8Z,11Z,14Z,17Z))",False,NA,0.0,NA
PG 42:9,PG 42:9,LMGP04010619,"PG(20:3(8Z,11Z,14Z)/22:6(4Z,7Z,10Z,13Z,16Z,19Z))",False,NA,0.0,NA
PG 42:9,PG 42:9,LMGP04010676,"PG(20:5(5Z,8Z,11Z,14Z,17Z)/22:4(7Z,10Z,13Z,16Z))",False,NA,0.0,NA
PG 42:9,PG 42:9,LMGP04010838,"PG(22:6(4Z,7Z,10Z,13Z,16Z,19Z)/20:3(8Z,11Z,14Z))",False,NA,0.0,NA
PI 30:0,PI 30:0,LMGP06010945,PI(16:0/14:0),False,NA,0.0,NA
PI 30:0,PI 30:0,LMGP06010907,PI(13:0/17:0),False,NA,0.0,NA
PI 30:0,PI 30:0,LMGP06010913,PI(12:0/18:0),False,NA,0.0,NA
PI 30:0,PI 30:0,LMGP06010948,PI(14:0/16:0),False,NA,0.0,NA
PI 30:0,PI 30:0,LMGP06010860,PI(18:0/12:0),False,NA,0.0,NA
PI 30:0,PI 30:0,LMGP06010868,PI(17:0/13:0),False,NA,0.0,NA
PI 30:0,PI 30:0,LMGP06010947,PI(15:0/15:0),False,NA,0.0,NA
PS 30:1,PS 30:1,LMGP03010165,PS(15:1(9Z)/15:0),False,NA,0.0,NA
PS 30:1,PS 30:1,LMGP03010929,PS(14:0/16:1(9Z)),False,NA,0.0,NA
PS 30:1,PS 30:1,LMGP03010142,PS(15:0/15:1(9Z)),False,NA,0.0,NA
PS 30:1,PS 30:1,LMGP03010203,PS(16:1(9Z)/14:0),False,NA,0.0,NA
PS 30:1,PS 30:1,LMGP03010074,PS(13:0/17:1(9Z)),False,NA,0.0,NA
PS 30:1,PS 30:1,LMGP03010114,PS(14:1(9Z)/16:0),False,NA,0.0,NA
PS 30:1,PS 30:1,LMGP03010249,PS(17:1(9Z)/13:0),False,NA,0.0,NA
PS 30:1,PS 30:1,LMGP03010322,PS(18:1(9Z)/12:0),False,NA,0.0,NA
PS 30:1,PS 30:1,LMGP03010940,PS(12:0/18:1(9Z)),False,NA,0.0,NA
PS 30:1,PS 30:1,LMGP03010193,PS(16:0/14:1(9Z)),False,NA,0.0,NA
SM 32:2;2,SM 32:2;O2,LMSP03010034,SM(d18:2/14:0),True,NA,0.0,NA
SM 38:2;2,SM 38:2;O2,LMSP03010058,SM(d16:1/22:1),True,NA,0.0,NA
SM 38:2;2,SM 38:2;O2,LMSP03010059,SM(d18:1/20:1),True,NA,0.0,NA
SM 38:2;2,SM 38:2;O2,LMSP03010060,SM(d18:2/20:0),True,NA,0.0,NA
SM 38:3;2,SM 38:3;O2,LMSP03010057,SM(d18:2/20:1),True,NA,0.0,NA
SM 40:2;2,SM 40:2;O2,LMSP03010092,SM(d18:2/22:0),True,NA,0.0,NA
SM 40:2;2,SM 40:2;O2,LMSP03010071,SM(d16:1/24:1),True,NA,0.0,NA
SM 40:2;2,SM 40:2;O2,LMSP03010072,SM(d18:1/22:1),True,NA,0.0,NA
SM 40:3;2,SM 40:3;O2,LMSP03010070,SM(d18:2/22:1),True,NA,0.0,NA
SM 44:2;2,SM 44:2;O2,LMSP03010009,SM(d18:1/26:1(17Z)),True,NA,0.0,NA
SM 44:3;2,SM 44:3;O2,NA,NA,True,NA,0.0,NA
triHexCer 34:1;2,Hex3Cer 34:1;O2,LMSP0502AA01,Gb3(d18:1/16:0),True,NA,0.0,NA
triHexCer 42:1;2,Hex3Cer 42:1;O2,LMSP0502AA05,Gb3(d18:1/24:0),True,NA,0.0,NA
triHexCer 42:2;2,Hex3Cer 42:2;O2,LMSP0502AA07,Gb3(d18:1/24:1(15Z)),True,NA,0.0,NA
triHexCer 44:2;2,Hex3Cer 44:2;O2,LMSP0502AA08,Gb3(d18:1/26:1(17Z)),True,NA,0.0,NA
